post_id,event_id,athlete,match_result,event_name,event_level,round,opponent,window_start,window_end,publish_time,hours_after_event,source_keyword,content_type,text_raw,text_clean,likes,comments,shares,post_url,creator_hash,is_possible_ad
5062245069099482,loss_20240731_paris_moregard,王楚钦,loss,巴黎奥运会2024男单32强,Olympic Games,round_of_32,莫雷加德,2024-07-31T17:00:00+08:00,2024-08-01T17:00:00+08:00,2024-07-31 17:05:39+08:00,0.094,王楚钦 莫雷加德 2024年7月31日,post,#王楚钦爆冷出局#在2024年7月31日巴黎奥运会乒乓球男子单打比赛之前，王楚钦与莫雷加德历史交手8次，王楚钦保持全胜，且莫雷加德每场都未赢过2局以上。奥林匹克魔物啊。#王楚钦副拍##巴黎超前线# ,#王楚钦爆冷出局#在2024年7月31日巴黎奥运会乒乓球男子单打比赛之前，王楚钦与莫雷加德历史交手8次，王楚钦保持全胜，且莫雷加德每场都未赢过2局以上。奥林匹克魔物啊。#王楚钦副拍##巴黎超前线#,150,22,0,https://m.weibo.cn/detail/5062245069099482,5a13112ca86875d1,False
5062245612523370,loss_20240731_paris_moregard,王楚钦,loss,巴黎奥运会2024男单32强,Olympic Games,round_of_32,莫雷加德,2024-07-31T17:00:00+08:00,2024-08-01T17:00:00+08:00,2024-07-31 17:07:49+08:00,0.13,王楚钦 莫雷加德 2024年7月31日,post,#王楚钦爆冷出局#昨天的事还是对他有影响，状态明显不对，有点着急了。唉，再沉淀一下吧，心疼后续继续加油！在2024年7月31日巴黎奥运会乒乓球男子单打比赛之前，王楚钦与莫雷加德历史交手8次，王楚钦保持全胜，且莫雷加德每场都未赢过2局以上。 ,#王楚钦爆冷出局#昨天的事还是对他有影响，状态明显不对，有点着急了。唉，再沉淀一下吧，心疼后续继续加油！在2024年7月31日巴黎奥运会乒乓球男子单打比赛之前，王楚钦与莫雷加德历史交手8次，王楚钦保持全胜，且莫雷加德每场都未赢过2局以上。,2,2,0,https://m.weibo.cn/detail/5062245612523370,95cbfb5b00eadb50,False
5062247656721642,loss_20240731_paris_moregard,王楚钦,loss,巴黎奥运会2024男单32强,Olympic Games,round_of_32,莫雷加德,2024-07-31T17:00:00+08:00,2024-08-01T17:00:00+08:00,2024-07-31 17:15:56+08:00,0.266,王楚钦 莫雷加德 2024年7月31日,post,#王楚钦vs莫雷加德#第一次为一名运动员哭😭。哭，是因为心疼他好不容易一拍一拍打到男单世界第一，然后在他征战奥运男单的第二步老天爷便跟他开了个很大的玩笑，陪伴他很久的拍子被记者踩断了。2024年7月31日，他输了。 ,#王楚钦vs莫雷加德#第一次为一名运动员哭😭。哭，是因为心疼他好不容易一拍一拍打到男单世界第一，然后在他征战奥运男单的第二步老天爷便跟他开了个很大的玩笑，陪伴他很久的拍子被记者踩断了。2024年7月31日，他输了。,0,0,0,https://m.weibo.cn/detail/5062247656721642,750938cd8eac9c48,False
5062253252972076,loss_20240731_paris_moregard,王楚钦,loss,巴黎奥运会2024男单32强,Olympic Games,round_of_32,莫雷加德,2024-07-31T17:00:00+08:00,2024-08-01T17:00:00+08:00,2024-07-31 17:38:10+08:00,0.636,王楚钦 巴黎奥运32强 2024年7月31日,post,#孙颖莎vs倪夏莲#世界第一的孙颖莎赢了年龄为世界第一的倪夏莲。在2024年7月31日17点开始的巴黎奥运会乒乓球女子单打32强赛中，孙颖莎战胜了倪夏莲，成功晋级16强。 孙颖莎是中国优秀的乒乓球选手，而倪夏莲是卢森堡的乒乓球名将，是本次奥运会乒乓球项目中最年长的参赛者。倪夏莲早在1983年就曾代表中国女队获得团体冠军，并与郭跃华搭档获得混双冠军。 在被问起与倪夏莲的比赛时，孙颖莎曾表示，“倪阿姨是乒坛很多人的榜样，自己也非常期待跟她的交手”。两人之间跨越38岁的对决，是巴黎奥运会上引人注目的一场比赛。 此前，在巴黎奥运会乒乓球混双决赛前，倪夏莲还受中国队邀请为孙颖莎和王楚钦做陪练，她表示中国队向她提出陪练要求时自己没有一点犹豫，因为朝鲜队女选手的打法跟她一样，她觉得自己有责任去帮助中国队。倪夏莲的这种做法也赢得了众多网友的赞誉和尊重。,#孙颖莎vs倪夏莲#世界第一的孙颖莎赢了年龄为世界第一的倪夏莲。在2024年7月31日17点开始的巴黎奥运会乒乓球女子单打32强赛中，孙颖莎战胜了倪夏莲，成功晋级16强。 孙颖莎是中国优秀的乒乓球选手，而倪夏莲是卢森堡的乒乓球名将，是本次奥运会乒乓球项目中最年长的参赛者。倪夏莲早在1983年就曾代表中国女队获得团体冠军，并与郭跃华搭档获得混双冠军。 在被问起与倪夏莲的比赛时，孙颖莎曾表示，“倪阿姨是乒坛很多人的榜样，自己也非常期待跟她的交手”。两人之间跨越38岁的对决，是巴黎奥运会上引人注目的一场比赛。 此前，在巴黎奥运会乒乓球混双决赛前，倪夏莲还受中国队邀请为孙颖莎和王楚钦做陪练，她表示中国队向她提出陪练要求时自己没有一点犹豫，因为朝鲜队女选手的打法跟她一样，她觉得自己有责任去帮助中国队。倪夏莲的这种做法也赢得了众多网友的赞誉和尊重。,3,0,0,https://m.weibo.cn/detail/5062253252972076,5033a7b1665c21d7,False
5062458068960044,loss_20240731_paris_moregard,王楚钦,loss,巴黎奥运会2024男单32强,Olympic Games,round_of_32,莫雷加德,2024-07-31T17:00:00+08:00,2024-08-01T17:00:00+08:00,2024-08-01 07:12:02+08:00,14.201,王楚钦 莫雷加德 2024年7月31日,post,#王楚钦爆冷出局# 在2024年7月31日巴黎奥运会乒乓球男子单打比赛之前，王楚钦与莫雷加德历史交手8次，王楚钦保持全胜，且莫雷加德每场都未赢过2局以上。也就是说，即使对手很有特点，但如果正常发挥，王楚钦面对他是有很大优势的，但昨天的比赛没打出水平来，只能说是王楚钦心理出了问题，影响了自身发挥。赛前的球拍事件确实有很大影响，但王楚钦首次参加奥运会，经验和压力体验不够，关键时刻欠缺心理调整能力，这也是不得不承认的……#巴黎奥运会#,#王楚钦爆冷出局# 在2024年7月31日巴黎奥运会乒乓球男子单打比赛之前，王楚钦与莫雷加德历史交手8次，王楚钦保持全胜，且莫雷加德每场都未赢过2局以上。也就是说，即使对手很有特点，但如果正常发挥，王楚钦面对他是有很大优势的，但昨天的比赛没打出水平来，只能说是王楚钦心理出了问题，影响了自身发挥。赛前的球拍事件确实有很大影响，但王楚钦首次参加奥运会，经验和压力体验不够，关键时刻欠缺心理调整能力，这也是不得不承认的……#巴黎奥运会#,41,11,2,https://m.weibo.cn/detail/5062458068960044,0e8ce862a252fef2,False
5131878845383515,loss_20250208_singapore_liang,王楚钦,loss,WTT新加坡大满贯2025男单半决赛,WTT Grand Smash,semifinal,梁靖崑,2025-02-08T20:30:00+08:00,2025-02-09T20:30:00+08:00,2025-02-08 20:45:25+08:00,0.257,王楚钦 梁靖崑 2025年2月8日,post,#梁靖崑4比3王楚钦#2025年2月8日，WTT新加坡大满贯乒乓球赛男单半决赛中，中国选手梁靖崑与王楚钦展开了一场激战。经过七局较量，梁靖崑最终以4比3的总比分战胜了王楚钦，成功晋级男单决赛。比赛的具体比分为8-11、11-9、11-7、11-9、5-11、9-11、12-10。特别是在第六局和第七局，王楚钦展现了顽强的斗志，几乎实现了逆转。尽管如此，梁靖崑在关键时刻的表现更为出色，最终取得了胜利。赛后，梁靖崑在接受采访时称赞了王楚钦的实力和技术，表示两人在这场比赛中都发挥了很高的水平 ,#梁靖崑4比3王楚钦#2025年2月8日，WTT新加坡大满贯乒乓球赛男单半决赛中，中国选手梁靖崑与王楚钦展开了一场激战。经过七局较量，梁靖崑最终以4比3的总比分战胜了王楚钦，成功晋级男单决赛。比赛的具体比分为8-11、11-9、11-7、11-9、5-11、9-11、12-10。特别是在第六局和第七局，王楚钦展现了顽强的斗志，几乎实现了逆转。尽管如此，梁靖崑在关键时刻的表现更为出色，最终取得了胜利。赛后，梁靖崑在接受采访时称赞了王楚钦的实力和技术，表示两人在这场比赛中都发挥了很高的水平,4,0,0,https://m.weibo.cn/detail/5131878845383515,c68a147f1c8440cc,False
5131935399806053,loss_20250208_singapore_liang,王楚钦,loss,WTT新加坡大满贯2025男单半决赛,WTT Grand Smash,semifinal,梁靖崑,2025-02-08T20:30:00+08:00,2025-02-09T20:30:00+08:00,2025-02-09 00:30:09+08:00,4.003,王楚钦 梁靖崑 2025年2月8日,post,2025年2月8日，在WTT新加坡大满贯男单半决赛中，中国乒乓球队员梁靖崑经过七局激战，最终以4比3击败队友王楚钦，成功晋级决赛。比赛的具体比分为8-11、11-9、11-7、11-9、5-11、9-11、12-10。王楚钦在第六局通过一次关键的暂停调整状态，成功将总比分扳成3比3平。然而，在决胜局中，当王楚钦一度以10-9领先并手握赛点时，未能抓住机会，被梁靖崑反超并赢得比赛。胜败乃兵家常事，大家实力相当，谁赢都正常！在上赛季的2024年WTT新加坡大满贯上，大头以4-1击败了大胖。希望大头能在失败中总结经验，更好地前行！好消息是国乒男女单打提前锁定冠亚军。,2025年2月8日，在WTT新加坡大满贯男单半决赛中，中国乒乓球队员梁靖崑经过七局激战，最终以4比3击败队友王楚钦，成功晋级决赛。比赛的具体比分为8-11、11-9、11-7、11-9、5-11、9-11、12-10。王楚钦在第六局通过一次关键的暂停调整状态，成功将总比分扳成3比3平。然而，在决胜局中，当王楚钦一度以10-9领先并手握赛点时，未能抓住机会，被梁靖崑反超并赢得比赛。胜败乃兵家常事，大家实力相当，谁赢都正常！在上赛季的2024年WTT新加坡大满贯上，大头以4-1击败了大胖。希望大头能在失败中总结经验，更好地前行！好消息是国乒男女单打提前锁定冠亚军。,3,1,0,https://m.weibo.cn/detail/5131935399806053,6628caaee6c99a25,False
5132033508771131,loss_20250208_singapore_liang,王楚钦,loss,WTT新加坡大满贯2025男单半决赛,WTT Grand Smash,semifinal,梁靖崑,2025-02-08T20:30:00+08:00,2025-02-09T20:30:00+08:00,2025-02-09 07:00:00+08:00,10.5,王楚钦 梁靖崑 2025年2月8日,post,#林诗栋vsA勒布伦#2025年2月8日，林诗栋在WTT新加坡大满贯赛中表现出色。在男单半决赛中，林诗栋以4-0的比分战胜了法国选手A·勒布伦，成功晋级男单决赛。此前，他还与王楚钦搭档参加了男双比赛，二人以3-1的比分战胜了勒布伦兄弟，成功晋级男双决赛。值得一提的是，这也是林诗栋与王楚钦首次搭档参赛即夺得冠军。接下来，林诗栋将在男单决赛中对阵梁靖崑，争夺最终的冠军,#林诗栋vsA勒布伦#2025年2月8日，林诗栋在WTT新加坡大满贯赛中表现出色。在男单半决赛中，林诗栋以4-0的比分战胜了法国选手A·勒布伦，成功晋级男单决赛。此前，他还与王楚钦搭档参加了男双比赛，二人以3-1的比分战胜了勒布伦兄弟，成功晋级男双决赛。值得一提的是，这也是林诗栋与王楚钦首次搭档参赛即夺得冠军。接下来，林诗栋将在男单决赛中对阵梁靖崑，争夺最终的冠军,0,0,0,https://m.weibo.cn/detail/5132033508771131,74d728aa9deeb65a,False
5132051864880071,loss_20250208_singapore_liang,王楚钦,loss,WTT新加坡大满贯2025男单半决赛,WTT Grand Smash,semifinal,梁靖崑,2025-02-08T20:30:00+08:00,2025-02-09T20:30:00+08:00,2025-02-09 08:12:56+08:00,11.716,王楚钦 梁靖崑 2025年2月8日,post,2025年2月8日晚间……威武霸气！4-0！国乒包揽5冠：关键三场胜利，林诗栋头号功臣，可惜世界第一出局北京时间2月8日晚间，2025年WTT新加坡大满贯男单半决赛，林诗栋连胜四局以总局分4-0霸气横扫法国名将艾利克斯·勒布伦，由于艾利克斯·勒布伦是本届赛事最后一位国乒之外的外协会选手，因此随着艾利克斯·勒布伦的出局，国乒也就正式包揽了全部5冠！林诗栋排名世界第2，艾利克斯·勒布伦排在世界第14，两人都是男子乒坛迅速崛起的新星。本届新加坡大满贯，林诗栋以2号种子身份坐镇下半区，一路连胜黄镇廷、西蒙-高兹、安宰贤、林昀儒晋级男单四强，艾利克斯·勒布伦则是先后战胜埃尔贝亚利、篠塚大登、薛飞、邱党晋级四强。此前，林诗栋和艾利克斯·勒布伦一共交手三次，林诗栋2胜1负稍占上风。此番交手，林诗栋率先以11-8拿下第一局，艾利克斯·勒布伦在第二局以10-8率先拿到局点，林诗栋关键球连得四分以12-10逆转再胜。第三局，林诗栋牢牢掌控局面，11-7再胜之后以总局分3-0遥遥领先。第四局，艾利克斯·勒布伦在8-10落后的情况下连续挽救了两个赛点并且连得三分11-10反超，林诗栋关键时刻顶住压力回敬一波连得三分的小高潮以13-11逆转再胜，连胜四局以总局分4-0霸气横扫艾利克斯·勒布伦挺进决赛，将与梁靖崑争冠。稍早时候，第一场男单半决赛率先结束，世界第一王楚钦出局，苦战七局3-4惜败给了国乒队友梁靖崑。整场比赛，进程跌宕起伏，堪称过山车式的刺激大战！王楚钦11-8率先赢下第一局，梁靖崑11-9、11-7、11-9连扳三局反超，王楚钦11-5、11-9连追两局将比赛拖入决胜局，王楚钦在决胜局10-9领先的情况下错失赛点连丢三分最终10-12惜败，梁靖崑以总局分4-3淘汰世界第一王楚钦。尽管本届新加坡大满贯的比赛还未全部结束，不过国乒已经正式包揽了全部5个单项的冠军，林诗栋成为头号功臣，关键三场胜利居功至伟：混双决赛，林诗栋/蒯曼3-1逆转击败日本组合松岛辉空/张本美和；男双决赛，林诗栋/王楚钦3-0中国台北组合林昀儒/高承睿，击败外协会倒数第三人和第二人；男单半决赛，林诗栋4-0艾利克斯·勒布伦，淘汰外协会最后一人，直接帮助国乒包揽5冠！,2025年2月8日晚间……威武霸气！4-0！国乒包揽5冠：关键三场胜利，林诗栋头号功臣，可惜世界第一出局北京时间2月8日晚间，2025年WTT新加坡大满贯男单半决赛，林诗栋连胜四局以总局分4-0霸气横扫法国名将艾利克斯·勒布伦，由于艾利克斯·勒布伦是本届赛事最后一位国乒之外的外协会选手，因此随着艾利克斯·勒布伦的出局，国乒也就正式包揽了全部5冠！林诗栋排名世界第2，艾利克斯·勒布伦排在世界第14，两人都是男子乒坛迅速崛起的新星。本届新加坡大满贯，林诗栋以2号种子身份坐镇下半区，一路连胜黄镇廷、西蒙-高兹、安宰贤、林昀儒晋级男单四强，艾利克斯·勒布伦则是先后战胜埃尔贝亚利、篠塚大登、薛飞、邱党晋级四强。此前，林诗栋和艾利克斯·勒布伦一共交手三次，林诗栋2胜1负稍占上风。此番交手，林诗栋率先以11-8拿下第一局，艾利克斯·勒布伦在第二局以10-8率先拿到局点，林诗栋关键球连得四分以12-10逆转再胜。第三局，林诗栋牢牢掌控局面，11-7再胜之后以总局分3-0遥遥领先。第四局，艾利克斯·勒布伦在8-10落后的情况下连续挽救了两个赛点并且连得三分11-10反超，林诗栋关键时刻顶住压力回敬一波连得三分的小高潮以13-11逆转再胜，连胜四局以总局分4-0霸气横扫艾利克斯·勒布伦挺进决赛，将与梁靖崑争冠。稍早时候，第一场男单半决赛率先结束，世界第一王楚钦出局，苦战七局3-4惜败给了国乒队友梁靖崑。整场比赛，进程跌宕起伏，堪称过山车式的刺激大战！王楚钦11-8率先赢下第一局，梁靖崑11-9、11-7、11-9连扳三局反超，王楚钦11-5、11-9连追两局将比赛拖入决胜局，王楚钦在决胜局10-9领先的情况下错失赛点连丢三分最终10-12惜败，梁靖崑以总局分4-3淘汰世界第一王楚钦。尽管本届新加坡大满贯的比赛还未全部结束，不过国乒已经正式包揽了全部5个单项的冠军，林诗栋成为头号功臣，关键三场胜利居功至伟：混双决赛，林诗栋/蒯曼3-1逆转击败日本组合松岛辉空/张本美和；男双决赛，林诗栋/王楚钦3-0中国台北组合林昀儒/高承睿，击败外协会倒数第三人和第二人；男单半决赛，林诗栋4-0艾利克斯·勒布伦，淘汰外协会最后一人，直接帮助国乒包揽5冠！,0,0,0,https://m.weibo.cn/detail/5132051864880071,3fc4f59d84bfdae1,False
5132100399268012,loss_20250208_singapore_liang,王楚钦,loss,WTT新加坡大满贯2025男单半决赛,WTT Grand Smash,semifinal,梁靖崑,2025-02-08T20:30:00+08:00,2025-02-09T20:30:00+08:00,2025-02-09 11:25:47+08:00,14.93,王楚钦 梁靖崑 2025年2月8日,post,#王楚钦离场时盯着大屏幕看了很久#2025年2月8日，在WTT新加坡大满贯男双决赛结束后，王楚钦和林诗栋的组合夺得冠军。当王楚钦退场时，大屏幕上出现了孙颖莎的视频，伴随孙颖莎的声音“喂，你好我是孙颖莎”。现场粉丝顿时尖叫起来，王楚钦看了一眼后赶快低头。之后在男单半决赛中，王楚钦3-4不敌梁靖昆无缘决赛，在他离场时可能也会有各种情绪和思考，盯着大屏幕看可能是在回味比赛或者对接下来的安排有所关注。,#王楚钦离场时盯着大屏幕看了很久#2025年2月8日，在WTT新加坡大满贯男双决赛结束后，王楚钦和林诗栋的组合夺得冠军。当王楚钦退场时，大屏幕上出现了孙颖莎的视频，伴随孙颖莎的声音“喂，你好我是孙颖莎”。现场粉丝顿时尖叫起来，王楚钦看了一眼后赶快低头。之后在男单半决赛中，王楚钦3-4不敌梁靖昆无缘决赛，在他离场时可能也会有各种情绪和思考，盯着大屏幕看可能是在回味比赛或者对接下来的安排有所关注。,0,0,0,https://m.weibo.cn/detail/5132100399268012,31616e6ac2e414fd,False
5132178425908421,loss_20250208_singapore_liang,王楚钦,loss,WTT新加坡大满贯2025男单半决赛,WTT Grand Smash,semifinal,梁靖崑,2025-02-08T20:30:00+08:00,2025-02-09T20:30:00+08:00,2025-02-09 16:35:51+08:00,20.098,王楚钦 梁靖崑 2025年2月8日,post,#周雨##梁靖崑4比3王楚钦#周雨直播（2025年2月8日-Cut部分）【周雨：梁靖崑4比3王楚钦，说说俩人打得好的点】{PS：文字内容手打，如有文字或内容错误请评论指正，感谢}周雨：今天我觉得梁靖崑啊和大头，我就说他俩哪几个点打的是嗯好的，像嗯大头，我跟梁俨苧一直在聊天，说大头的暂停，一直为什么一直不早叫啊，但是拖到第六局的时候，6:9的时候叫了暂停那个比分我俩还说呢，这个比分叫暂停啊，是不是有点晚了啊，当时我俩还是这样判断的，然后结果他要完，暂停之后连赢5分啊，连赢5分，所以说，有的时候这个暂停还是起到了一些啊，心态上的一些变化啊，包括梁靖崑啊，他在暂停之后那几分的出手啊，多少是受王楚钦这个暂停的影响啊，自己啊就是在那几分的处理上，梁靖崑显得稍微的啊，没有去加速而选择我记得应该是嗯8:9那个球吧，还是9:7那个球，是梁靖崑主动上手拉的，但后来选择最后拉一个高吊转的，但被被大头一个正手反拉啊，那个球打的非常的极限，打的非常的极限，那局啊大头的那个暂停，在9:6落后的情况下，要完暂停还是起了一些效果，所以说，我觉得梁靖崑可以总结的就是，第六局啊，被叫暂停之后他的心态的波动啊，我觉得这个时候，可能没有王楚钦处理的更好啊然后随后他俩打到决胜局，决胜局俩人一直是你追我赶啊，你追我赶，打的都非常激烈，非常紧张，大头今天我觉得他的发挥其实是不错的啊，只是说他今天的进攻啊，包括他的主动上手打的有点凶，打凶的呃，可能性就是，今天梁靖崑反手防守，防的太好了很多的啊感觉要拉死，梁靖崑的球，都被梁靖崑反手防过来了，所以说我觉得大头在嗯这些节点上啊，可能是需要啊去加高质量的，他一加高质量，无谓失误当然就出来了啊，无谓失误就出来了所以说整体上，我是觉得两个人发挥都很好啊，但是如果说嗯，大头不是被梁靖崑去啊，防了几个回头之后，可能他的出手会更自如一些啊，不会因为被防了回头之后，而去拼命的加质量，我是觉得今天梁靖崑啊，防御防的是真的真的是很厚实啊，整体的防御防的特别好，每个人都有打好的点啊，所以说两个人都很棒，对啊哪有什么失败者，都达到都达到关键分了，对不对。 胖头莎昱_的微博视频,#周雨##梁靖崑4比3王楚钦#周雨直播（2025年2月8日-Cut部分）【周雨：梁靖崑4比3王楚钦，说说俩人打得好的点】{PS：文字内容手打，如有文字或内容错误请评论指正，感谢}周雨：今天我觉得梁靖崑啊和大头，我就说他俩哪几个点打的是嗯好的，像嗯大头，我跟梁俨苧一直在聊天，说大头的暂停，一直为什么一直不早叫啊，但是拖到第六局的时候，6:9的时候叫了暂停那个比分我俩还说呢，这个比分叫暂停啊，是不是有点晚了啊，当时我俩还是这样判断的，然后结果他要完，暂停之后连赢5分啊，连赢5分，所以说，有的时候这个暂停还是起到了一些啊，心态上的一些变化啊，包括梁靖崑啊，他在暂停之后那几分的出手啊，多少是受王楚钦这个暂停的影响啊，自己啊就是在那几分的处理上，梁靖崑显得稍微的啊，没有去加速而选择我记得应该是嗯8:9那个球吧，还是9:7那个球，是梁靖崑主动上手拉的，但后来选择最后拉一个高吊转的，但被被大头一个正手反拉啊，那个球打的非常的极限，打的非常的极限，那局啊大头的那个暂停，在9:6落后的情况下，要完暂停还是起了一些效果，所以说，我觉得梁靖崑可以总结的就是，第六局啊，被叫暂停之后他的心态的波动啊，我觉得这个时候，可能没有王楚钦处理的更好啊然后随后他俩打到决胜局，决胜局俩人一直是你追我赶啊，你追我赶，打的都非常激烈，非常紧张，大头今天我觉得他的发挥其实是不错的啊，只是说他今天的进攻啊，包括他的主动上手打的有点凶，打凶的呃，可能性就是，今天梁靖崑反手防守，防的太好了很多的啊感觉要拉死，梁靖崑的球，都被梁靖崑反手防过来了，所以说我觉得大头在嗯这些节点上啊，可能是需要啊去加高质量的，他一加高质量，无谓失误当然就出来了啊，无谓失误就出来了所以说整体上，我是觉得两个人发挥都很好啊，但是如果说嗯，大头不是被梁靖崑去啊，防了几个回头之后，可能他的出手会更自如一些啊，不会因为被防了回头之后，而去拼命的加质量，我是觉得今天梁靖崑啊，防御防的是真的真的是很厚实啊，整体的防御防的特别好，每个人都有打好的点啊，所以说两个人都很棒，对啊哪有什么失败者，都达到都达到关键分了，对不对。 胖头莎昱_的微博视频,6,0,1,https://m.weibo.cn/detail/5132178425908421,7b9bd68260e54886,False
5157244875313305,loss_20250419_worldcup_calderano,王楚钦,loss,澳门世界杯2025男单半决赛,ITTF World Cup,semifinal,卡尔德拉诺,2025-04-19T20:00:00+08:00,2025-04-20T20:00:00+08:00,2025-04-19 20:40:58+08:00,0.683,王楚钦 卡尔德拉诺 2025年4月19日,post,#雨果巴西首位进入乒乓世界杯运动员#在2025年4月19日举行的澳门乒乓球世界杯男单半决赛中，巴西选手雨果·卡尔德拉诺以4-3逆转战胜中国选手王楚钦，成为首位闯入乒乓球世界杯男单决赛的巴西运动员，创造了巴西乒乓球的历史性突破。 ,#雨果巴西首位进入乒乓世界杯运动员#在2025年4月19日举行的澳门乒乓球世界杯男单半决赛中，巴西选手雨果·卡尔德拉诺以4-3逆转战胜中国选手王楚钦，成为首位闯入乒乓球世界杯男单决赛的巴西运动员，创造了巴西乒乓球的历史性突破。,6,0,0,https://m.weibo.cn/detail/5157244875313305,cb0e612076b8d8be,False
5157286419891719,loss_20250419_worldcup_calderano,王楚钦,loss,澳门世界杯2025男单半决赛,ITTF World Cup,semifinal,卡尔德拉诺,2025-04-19T20:00:00+08:00,2025-04-20T20:00:00+08:00,2025-04-19 23:26:03+08:00,3.434,王楚钦 卡尔德拉诺 2025年4月19日,post,#王楚钦说为什么全是擦网#王楚钦在2025年4月19日澳门乒乓球世界杯男单半决赛中，以3-4惜败巴西选手雨果·卡尔德拉诺，赛后因多次关键球出现擦网现象感叹“为什么全是擦网”。这场比赛中，双方战至决胜局10-10后，王楚钦在最后两分因主动失误告负，而雨果的战术以稳守相持为主，多次擦网得分成为影响比赛节奏的因素之一。,#王楚钦说为什么全是擦网#王楚钦在2025年4月19日澳门乒乓球世界杯男单半决赛中，以3-4惜败巴西选手雨果·卡尔德拉诺，赛后因多次关键球出现擦网现象感叹“为什么全是擦网”。这场比赛中，双方战至决胜局10-10后，王楚钦在最后两分因主动失误告负，而雨果的战术以稳守相持为主，多次擦网得分成为影响比赛节奏的因素之一。,0,0,0,https://m.weibo.cn/detail/5157286419891719,59d139f074470498,False
5157294321434628,loss_20250419_worldcup_calderano,王楚钦,loss,澳门世界杯2025男单半决赛,ITTF World Cup,semifinal,卡尔德拉诺,2025-04-19T20:00:00+08:00,2025-04-20T20:00:00+08:00,2025-04-19 23:57:26+08:00,3.957,王楚钦3比4卡尔德拉诺 2025澳门世界杯,post,2025澳门世界杯｜4月19日【男单半决赛】#王楚钦# 合集📥▫️赛前热身记录网页链接双刀流网页链接😏 网页链接哎呀呀网页链接｜图片/动图踢球网页链接🏓男单半决赛（3:4雨果·卡尔德拉诺🇧🇷 ）📝赛事结果网页链接📝比赛记录网页链接｜比赛咪咕解说网页链接央视解说网页链接优酷解说网页链接 网页链接腾讯解说网页链接清流网页链接相持网页链接拉住了网页链接相持落点网页链接拉不穿网页链接｜视频出场网页链接地胶坏网页链接 网页链接“呀” 网页链接“come on” 网页链接“没人能拉穿你” 网页链接打笑了 网页链接抱抱 网页链接｜图片中体 网页链接  网页链接  网页链接  网页链接  网页链接  网页链接  网页链接  网页链接  网页链接  网页链接  网页链接  网页链接  网页链接饭拍 网页链接  网页链接  网页链接  网页链接  网页链接  网页链接  网页链接  网页链接  网页链接  网页链接  网页链接  网页链接  网页链接sorry  网页链接小宝 网页链接  网页链接细节 网页链接  网页链接格局 网页链接捂脸 网页链接摸摸小狗 网页链接  网页链接  网页链接  网页链接  网页链接蹲着小小个 网页链接  网页链接河豚 网页链接  网页链接馋身子 网页链接最棒的 网页链接  网页链接蒙眼 网页链接眼睛亮亮的 网页链接在你身后 网页链接小舌头 网页链接舞蹈生 网页链接  网页链接背影 网页链接起飞咯 网页链接揪裤衩 网页链接｜动图挥拳 网页链接傻么耶 网页链接小小老子 网页链接头头辛苦啦 网页链接🚶赛后蹲着笑 网页链接  网页链接  网页链接  网页链接  网页链接整理退场 网页链接  网页链接  网页链接  网页链接  网页链接  网页链接  网页链接  网页链接  网页链接  网页链接呼气 网页链接  网页链接  网页链接“全是擦网” 网页链接  网页链接💔 网页链接  网页链接  网页链接  网页链接  网页链接  网页链接｜图片中体 网页链接📝妹妹：加油 网页链接,2025澳门世界杯｜4月19日【男单半决赛】#王楚钦# 合集📥▫️赛前热身记录 双刀流 😏 哎呀呀 ｜图片/动图踢球 🏓男单半决赛（3:4雨果·卡尔德拉诺🇧🇷 ）📝赛事结果 📝比赛记录 ｜比赛咪咕解说 央视解说 优酷解说 腾讯解说 清流 相持 拉住了 相持落点 拉不穿 ｜视频出场 地胶坏 “呀” “come on” “没人能拉穿你” 打笑了 抱抱 ｜图片中体 饭拍 sorry 小宝 细节 格局 捂脸 摸摸小狗 蹲着小小个 河豚 馋身子 最棒的 蒙眼 眼睛亮亮的 在你身后 小舌头 舞蹈生 背影 起飞咯 揪裤衩 ｜动图挥拳 傻么耶 小小老子 头头辛苦啦 🚶赛后蹲着笑 整理退场 呼气 “全是擦网” 💔 ｜图片中体 📝妹妹：加油,140,8,21,https://m.weibo.cn/detail/5157294321434628,4d685be2a2b4abe6,False
5157315170797112,loss_20250419_worldcup_calderano,王楚钦,loss,澳门世界杯2025男单半决赛,ITTF World Cup,semifinal,卡尔德拉诺,2025-04-19T20:00:00+08:00,2025-04-20T20:00:00+08:00,2025-04-20 01:20:18+08:00,5.338,王楚钦 卡尔德拉诺 2025年4月19日,post,#王楚钦说为什么全是擦网#在2025年4月19日#乒乓球澳门世界杯#门乒乓球世界杯男单半决赛里，王楚钦与雨果·卡尔德拉诺激战七局，最终3-4惜败，无缘决赛。比赛胶着，决胜局尤为激烈，10平后王楚钦曾挽救赛点，但雨果凭借一记擦边球拿到赛点并最终锁定胜局。 赛后王楚钦情绪激动，仰天长叹“为什么全是擦网”，引发热议。其实在乒乓球比赛中，擦网球的判定遵循明确规则，球擦网后若仍落到有效区域，比赛继续，该球有效 ，裁判的判罚以这个规则为依据。球员在比赛里遇到擦网球是正常现象，关键在于迅速调整心态和战术，避免受其过多干扰。王楚钦虽输掉这场比赛，但此前他表现出色，在多场赛事中展现出强大实力。一次失利不会掩盖他的能力和潜力，期待他总结经验，未来在赛场上有更精彩的发挥。#热点科普##乒乓球澳门世界杯# 万事兴隆龙的微博视频,#王楚钦说为什么全是擦网#在2025年4月19日#乒乓球澳门世界杯#门乒乓球世界杯男单半决赛里，王楚钦与雨果·卡尔德拉诺激战七局，最终3-4惜败，无缘决赛。比赛胶着，决胜局尤为激烈，10平后王楚钦曾挽救赛点，但雨果凭借一记擦边球拿到赛点并最终锁定胜局。 赛后王楚钦情绪激动，仰天长叹“为什么全是擦网”，引发热议。其实在乒乓球比赛中，擦网球的判定遵循明确规则，球擦网后若仍落到有效区域，比赛继续，该球有效 ，裁判的判罚以这个规则为依据。球员在比赛里遇到擦网球是正常现象，关键在于迅速调整心态和战术，避免受其过多干扰。王楚钦虽输掉这场比赛，但此前他表现出色，在多场赛事中展现出强大实力。一次失利不会掩盖他的能力和潜力，期待他总结经验，未来在赛场上有更精彩的发挥。#热点科普##乒乓球澳门世界杯# 万事兴隆龙的微博视频,50,156,0,https://m.weibo.cn/detail/5157315170797112,0e08780e8a103174,False
5157477838489427,loss_20250419_worldcup_calderano,王楚钦,loss,澳门世界杯2025男单半决赛,ITTF World Cup,semifinal,卡尔德拉诺,2025-04-19T20:00:00+08:00,2025-04-20T20:00:00+08:00,2025-04-20 12:06:41+08:00,16.111,王楚钦 卡尔德拉诺 2025年4月19日,post,#巴西乒协说雨果创造了历史#在2025年4月19日举行的澳门乒乓球世界杯男单半决赛中，巴西选手雨果·卡尔德拉诺以4-3逆转中国选手王楚钦，成为首位闯入乒乓球世界杯男单决赛的巴西运动员，创造了巴西乃至南美洲乒乓球的历史。这一胜利不仅是雨果个人职业生涯的里程碑，也打破了乒乓球世界大赛长期由亚洲和欧洲选手主导的格局。#林诗栋说期待与雨果的决赛##林诗栋雨果男单争冠# 纵情球场的微博视频,#巴西乒协说雨果创造了历史#在2025年4月19日举行的澳门乒乓球世界杯男单半决赛中，巴西选手雨果·卡尔德拉诺以4-3逆转中国选手王楚钦，成为首位闯入乒乓球世界杯男单决赛的巴西运动员，创造了巴西乃至南美洲乒乓球的历史。这一胜利不仅是雨果个人职业生涯的里程碑，也打破了乒乓球世界大赛长期由亚洲和欧洲选手主导的格局。#林诗栋说期待与雨果的决赛##林诗栋雨果男单争冠# 纵情球场的微博视频,47,16,1,https://m.weibo.cn/detail/5157477838489427,4acbf96b14156b59,False
5198538988329927,loss_20250811_yokohama_harimoto,王楚钦,loss,WTT横滨冠军赛2025男单决赛,WTT Champions,final,张本智和,2025-08-11T19:20:00+08:00,2025-08-12T19:20:00+08:00,2025-08-11 19:29:02+08:00,0.151,王楚钦 张本智和 2025年8月11日,post,#张本美和恭喜哥哥夺冠#张本美和在Instagram上发文祝贺哥哥张本智和夺冠，并表示感谢。张本智和在2025年8月11日的WTT横滨冠军赛中以4:2战胜王楚钦夺得男单冠军，赛后脱衣庆祝引发热议。 ,#张本美和恭喜哥哥夺冠#张本美和在Instagram上发文祝贺哥哥张本智和夺冠，并表示感谢。张本智和在2025年8月11日的WTT横滨冠军赛中以4:2战胜王楚钦夺得男单冠军，赛后脱衣庆祝引发热议。,8,1,0,https://m.weibo.cn/detail/5198538988329927,4766b55c7e6f13ba,False
5198539395436067,loss_20250811_yokohama_harimoto,王楚钦,loss,WTT横滨冠军赛2025男单决赛,WTT Champions,final,张本智和,2025-08-11T19:20:00+08:00,2025-08-12T19:20:00+08:00,2025-08-11 19:30:39+08:00,0.177,王楚钦 张本智和 2025年8月11日,post,#张本智和男单冠军#2025年8月11日，日本选手张本智和在WTT横滨冠军赛男单决赛中，以 4-2（11-9、11-5、11-8、9-11、11-13、11-4） 击败中国选手王楚钦，夺得冠军。这是张本智和职业生涯首个WTT冠军赛级别的单打冠军，也是他时隔三年再获国际赛事单打冠军。 张本智和男单冠军 ,#张本智和男单冠军#2025年8月11日，日本选手张本智和在WTT横滨冠军赛男单决赛中，以 4-2（11-9、11-5、11-8、9-11、11-13、11-4） 击败中国选手王楚钦，夺得冠军。这是张本智和职业生涯首个WTT冠军赛级别的单打冠军，也是他时隔三年再获国际赛事单打冠军。 张本智和男单冠军,3,1,0,https://m.weibo.cn/detail/5198539395436067,10ed5a42af93d09d,False
5198539665708911,loss_20250811_yokohama_harimoto,王楚钦,loss,WTT横滨冠军赛2025男单决赛,WTT Champions,final,张本智和,2025-08-11T19:20:00+08:00,2025-08-12T19:20:00+08:00,2025-08-11 19:31:43+08:00,0.195,王楚钦 横滨冠军赛亚军 2025年8月11日,post,#王楚钦亚军#王楚钦在2025年8月11日的WTT横滨冠军赛男单决赛里，以2比4输给了日本选手张本智和，拿到了亚军。这场比赛受关注度很高，背后既有技术层面的讨论，也有关于心态、赛程等多方面的争议。决赛当天，王楚钦面对主场作战的张本智和，一开局就不太顺利，连输了三局。不过，这位2025年多哈世乒赛新科男单冠军没放弃，在0比3落后的情况下连追两局，把比分拉到2比3，让比赛悬念又回来了。但关键的第六局，张本智和中途申请了医疗暂停，正好打断了王楚钦刚找回来的节奏和手感。暂停之后，张本很快就以11-4赢下这局，结束了比赛。大家争议的点主要在这个医疗暂停的影响上。不少球迷和媒体觉得，张本暂停的时机刚好是王楚钦状态回升的时候，导致他手感凉了下来，节奏也乱了，没能完成逆转。虽然按规则允许医疗暂停，但这个小插曲确实成了影响比赛走向的重要转折。赛前数据显示，王楚钦之前和张本智和交手14次，赢了12次，优势明显，这次决赛却没延续这种优势，也让外界开始讨论他处理关键分的能力和临场调整的水平。从赛事背景来看，王楚钦在半决赛里4比0横扫瑞典选手莫雷加德，第三局甚至打出了10-0的大比分，压制力很强，可决赛没能保持住状态。而且国乒男单这次八强里只有王楚钦和向鹏两人，林诗栋等主力早早就出局了，这也能看出王楚钦长期承担着“守半区”的重任，压力不小。相比之下，国乒女单表现很亮眼，孙颖莎和陈幸同闯进决赛，包揽了冠亚军，形成了鲜明对比。今年对王楚钦来说是职业生涯的重要突破。5月的多哈世乒赛上，他4比1击败巴西名将雨果，成了首位00后男单世界冠军，还拿到了世乒赛金满贯，也就是单打、男双、混双、男团都夺冠了。这个成绩打破了他之前三大赛单打没拿过冠军的纪录，也让外界不再质疑他的大赛能力，确立了他作为国乒新一代领军人物的地位。之前的比赛里，王楚钦表现也很抢眼。7月的美国大满贯赛，他4比0完胜张本智和夺冠；3月的重庆冠军赛、4月的澳门世界杯等赛事，他发挥也不错。这些胜利能看出他技术全面，单打、双打、混双都是顶尖水平，尤其双打和混双里，和搭档配合得很默契，是国乒得分的关键。不过，这次横滨赛拿亚军，也暴露了他外战稳定性的不足。虽然他在逆境中挺能扛，比如多哈世乒赛曾0比2落后逆转法国选手西蒙，但关键比赛里的心态波动、前三局非受迫性失误多等问题，这次被放大了。张本智和作为主要对手，一直是国乒重点研究的对象，而雨果等国外选手的冲击也不能小看，王楚钦接下来还得在比赛中巩固对日韩和欧美主力的优势。围绕王楚钦，还有不少争议和反思。有球迷和业内人士说，他长期承担“守半区”的任务，为团队扛下关键的外战压力，可男队其他主力没能分担多少。这次横滨赛男单八强只有两人入围，能看出国乒新生代阵容还在磨合——林诗栋止步16强，向鹏虽然晋级了，但经验还不够，新一代选手还没完全成长起来。王楚钦作为中生代核心，既要在单打里冲在前头，又要兼顾双打，密集的赛程下，怎么平衡状态是个大挑战。技术和心态方面，他的前三板技术和反手拧拉很有威胁，但决赛前三局失误比较多，能看出心态有波动；不过他在逆境中的韧性，比如逆转能力，还是得到认可的。就像他职业生涯里多次逆转，比如巴黎奥运男团决赛、多哈世乒赛等，抗压能力和潜力大家都挺看好，只是关键分时的决策稳定性、临场调整速度这些细节，还得再打磨提升。教练组和舆论大多觉得，王楚钦技术全面，能多线作战，这是国乒未来的宝贵财富。但作为领军人物，他得在高强度赛事里更好地分配体能和精力，别过度消耗自己。接下来赛程密集，巩固外战优势、改进关键球处理，还有帮年轻队友成长、分担压力，都是他要面对的重要问题。回看王楚钦的职业生涯，能清楚看到他的成长和突破：2023年德班世乒赛拿了单打亚军，第一次站上三大赛领奖台；2024年巴黎奥运会摘得混双和男团金牌，成了奥运冠军；2025年多哈世乒赛登顶男单，开了00后的先河；这次横滨赛拿亚军引发反思，也成了新的起点。这些成绩标志着他从年轻选手成长为核心主力，从单项突破到全面领军的转变。总的来说，王楚钦2025年取得了突破性成就，多哈世乒赛冠军就是证明，但外战稳定性还得加强。横滨赛拿亚军虽然受医疗暂停等争议影响，但也暴露了他处理关键分和临场应变的不足。作为国乒新一代核心，他的技术全面性和抗压潜力值得期待，未来需要在密集赛程里平衡好状态，进一步巩固对日韩、欧美强敌的优势，同时带动新生代一起成长，共同守护国球的荣耀。这场比赛不只是一场胜负之争，更是对王楚钦作为领军者的一次重要检验。相信他会从这次经历里总结经验，提升自己，在之后的比赛里继续书写新一代国乒的精彩篇章。王楚钦亚军 头条新闻工作室 资本大事纪的微博视频,#王楚钦亚军#王楚钦在2025年8月11日的WTT横滨冠军赛男单决赛里，以2比4输给了日本选手张本智和，拿到了亚军。这场比赛受关注度很高，背后既有技术层面的讨论，也有关于心态、赛程等多方面的争议。决赛当天，王楚钦面对主场作战的张本智和，一开局就不太顺利，连输了三局。不过，这位2025年多哈世乒赛新科男单冠军没放弃，在0比3落后的情况下连追两局，把比分拉到2比3，让比赛悬念又回来了。但关键的第六局，张本智和中途申请了医疗暂停，正好打断了王楚钦刚找回来的节奏和手感。暂停之后，张本很快就以11-4赢下这局，结束了比赛。大家争议的点主要在这个医疗暂停的影响上。不少球迷和媒体觉得，张本暂停的时机刚好是王楚钦状态回升的时候，导致他手感凉了下来，节奏也乱了，没能完成逆转。虽然按规则允许医疗暂停，但这个小插曲确实成了影响比赛走向的重要转折。赛前数据显示，王楚钦之前和张本智和交手14次，赢了12次，优势明显，这次决赛却没延续这种优势，也让外界开始讨论他处理关键分的能力和临场调整的水平。从赛事背景来看，王楚钦在半决赛里4比0横扫瑞典选手莫雷加德，第三局甚至打出了10-0的大比分，压制力很强，可决赛没能保持住状态。而且国乒男单这次八强里只有王楚钦和向鹏两人，林诗栋等主力早早就出局了，这也能看出王楚钦长期承担着“守半区”的重任，压力不小。相比之下，国乒女单表现很亮眼，孙颖莎和陈幸同闯进决赛，包揽了冠亚军，形成了鲜明对比。今年对王楚钦来说是职业生涯的重要突破。5月的多哈世乒赛上，他4比1击败巴西名将雨果，成了首位00后男单世界冠军，还拿到了世乒赛金满贯，也就是单打、男双、混双、男团都夺冠了。这个成绩打破了他之前三大赛单打没拿过冠军的纪录，也让外界不再质疑他的大赛能力，确立了他作为国乒新一代领军人物的地位。之前的比赛里，王楚钦表现也很抢眼。7月的美国大满贯赛，他4比0完胜张本智和夺冠；3月的重庆冠军赛、4月的澳门世界杯等赛事，他发挥也不错。这些胜利能看出他技术全面，单打、双打、混双都是顶尖水平，尤其双打和混双里，和搭档配合得很默契，是国乒得分的关键。不过，这次横滨赛拿亚军，也暴露了他外战稳定性的不足。虽然他在逆境中挺能扛，比如多哈世乒赛曾0比2落后逆转法国选手西蒙，但关键比赛里的心态波动、前三局非受迫性失误多等问题，这次被放大了。张本智和作为主要对手，一直是国乒重点研究的对象，而雨果等国外选手的冲击也不能小看，王楚钦接下来还得在比赛中巩固对日韩和欧美主力的优势。围绕王楚钦，还有不少争议和反思。有球迷和业内人士说，他长期承担“守半区”的任务，为团队扛下关键的外战压力，可男队其他主力没能分担多少。这次横滨赛男单八强只有两人入围，能看出国乒新生代阵容还在磨合——林诗栋止步16强，向鹏虽然晋级了，但经验还不够，新一代选手还没完全成长起来。王楚钦作为中生代核心，既要在单打里冲在前头，又要兼顾双打，密集的赛程下，怎么平衡状态是个大挑战。技术和心态方面，他的前三板技术和反手拧拉很有威胁，但决赛前三局失误比较多，能看出心态有波动；不过他在逆境中的韧性，比如逆转能力，还是得到认可的。就像他职业生涯里多次逆转，比如巴黎奥运男团决赛、多哈世乒赛等，抗压能力和潜力大家都挺看好，只是关键分时的决策稳定性、临场调整速度这些细节，还得再打磨提升。教练组和舆论大多觉得，王楚钦技术全面，能多线作战，这是国乒未来的宝贵财富。但作为领军人物，他得在高强度赛事里更好地分配体能和精力，别过度消耗自己。接下来赛程密集，巩固外战优势、改进关键球处理，还有帮年轻队友成长、分担压力，都是他要面对的重要问题。回看王楚钦的职业生涯，能清楚看到他的成长和突破：2023年德班世乒赛拿了单打亚军，第一次站上三大赛领奖台；2024年巴黎奥运会摘得混双和男团金牌，成了奥运冠军；2025年多哈世乒赛登顶男单，开了00后的先河；这次横滨赛拿亚军引发反思，也成了新的起点。这些成绩标志着他从年轻选手成长为核心主力，从单项突破到全面领军的转变。总的来说，王楚钦2025年取得了突破性成就，多哈世乒赛冠军就是证明，但外战稳定性还得加强。横滨赛拿亚军虽然受医疗暂停等争议影响，但也暴露了他处理关键分和临场应变的不足。作为国乒新一代核心，他的技术全面性和抗压潜力值得期待，未来需要在密集赛程里平衡好状态，进一步巩固对日韩、欧美强敌的优势，同时带动新生代一起成长，共同守护国球的荣耀。这场比赛不只是一场胜负之争，更是对王楚钦作为领军者的一次重要检验。相信他会从这次经历里总结经验，提升自己，在之后的比赛里继续书写新一代国乒的精彩篇章。王楚钦亚军 头条新闻工作室 资本大事纪的微博视频,46,46,28,https://m.weibo.cn/detail/5198539665708911,561576ba7bb4d518,False
5198540007544707,loss_20250811_yokohama_harimoto,王楚钦,loss,WTT横滨冠军赛2025男单决赛,WTT Champions,final,张本智和,2025-08-11T19:20:00+08:00,2025-08-12T19:20:00+08:00,2025-08-11 19:33:05+08:00,0.218,王楚钦 横滨冠军赛亚军 2025年8月11日,post,今晚的男单冠军属于主场作战的张本智和，他这次打疯了状态确实很好，但是第三个赛点局的医疗暂停我是真不服。前天早田和张本智和妹妹比赛的时候，早田叫了医疗暂停，最终赢下比赛，事后张本智和直接把早田取关了，那么今晚张本智和又在干什么？而且暂停时间那么长，一直在说话，不知道沟通什么，暂停结束就连续得分了。倒是慢热的王楚钦被迫中断追分，等对方暂停结束，话说回来，王楚钦能让三追二也不错了，大头继续加油吧，还是看好你的！#王楚钦亚军##张本智和打疯了##王楚钦vs张本智和#,今晚的男单冠军属于主场作战的张本智和，他这次打疯了状态确实很好，但是第三个赛点局的医疗暂停我是真不服。前天早田和张本智和妹妹比赛的时候，早田叫了医疗暂停，最终赢下比赛，事后张本智和直接把早田取关了，那么今晚张本智和又在干什么？而且暂停时间那么长，一直在说话，不知道沟通什么，暂停结束就连续得分了。倒是慢热的王楚钦被迫中断追分，等对方暂停结束，话说回来，王楚钦能让三追二也不错了，大头继续加油吧，还是看好你的！#王楚钦亚军##张本智和打疯了##王楚钦vs张本智和#,535,97,29,https://m.weibo.cn/detail/5198540007544707,a11f6a179151a3d2,False
5198549161609215,loss_20250811_yokohama_harimoto,王楚钦,loss,WTT横滨冠军赛2025男单决赛,WTT Champions,final,张本智和,2025-08-11T19:20:00+08:00,2025-08-12T19:20:00+08:00,2025-08-11 20:09:27+08:00,0.824,王楚钦 横滨冠军赛亚军 2025年8月11日,post,王楚钦vs张本智和2025年8月11日，WTT横滨冠军赛男单决赛上演了王楚钦与张本智和的对决 。最终王楚钦以2:4不敌张本智和，获得亚军，张本智和夺得冠军，王楚钦对其8连胜被终结 。 比赛采用七局四胜制 。首局王楚钦在中局领先的情况下，被张本智和以11:9逆转拿下 。第二局王楚钦2:2后连丢5分，以5:11再输一局 。第三局王楚钦4:9后连拿2分，但张本智和暂停后顶住反扑，王楚钦9:11再丢一局 。第四局王楚钦中局发力，以11:9扳回一局 。第五局双方僵持，王楚钦在局末以13:11拿下 。第六局张本智和在4:2领先时申请医疗暂停，暂停后他将分差拉开，以11:4锁定胜局 。 王楚钦与张本智和此前在国际赛场频繁交手，14次交锋中王楚钦12次获胜 。双方在上个月的美国大满贯决赛中刚刚有过交手，当时王楚钦以4:0获胜夺冠 。 王楚钦vs张本智和,王楚钦vs张本智和2025年8月11日，WTT横滨冠军赛男单决赛上演了王楚钦与张本智和的对决 。最终王楚钦以2:4不敌张本智和，获得亚军，张本智和夺得冠军，王楚钦对其8连胜被终结 。 比赛采用七局四胜制 。首局王楚钦在中局领先的情况下，被张本智和以11:9逆转拿下 。第二局王楚钦2:2后连丢5分，以5:11再输一局 。第三局王楚钦4:9后连拿2分，但张本智和暂停后顶住反扑，王楚钦9:11再丢一局 。第四局王楚钦中局发力，以11:9扳回一局 。第五局双方僵持，王楚钦在局末以13:11拿下 。第六局张本智和在4:2领先时申请医疗暂停，暂停后他将分差拉开，以11:4锁定胜局 。 王楚钦与张本智和此前在国际赛场频繁交手，14次交锋中王楚钦12次获胜 。双方在上个月的美国大满贯决赛中刚刚有过交手，当时王楚钦以4:0获胜夺冠 。 王楚钦vs张本智和,4,4,0,https://m.weibo.cn/detail/5198549161609215,2146601af240e255,False
5198554872417268,loss_20250811_yokohama_harimoto,王楚钦,loss,WTT横滨冠军赛2025男单决赛,WTT Champions,final,张本智和,2025-08-11T19:20:00+08:00,2025-08-12T19:20:00+08:00,2025-08-11 20:32:09+08:00,1.202,王楚钦 横滨冠军赛亚军 2025年8月11日,post,"#王楚钦vs张本智和#比分详情：在2025年8月11日的WTT横滨冠军赛男单决赛中，王楚钦以2-4（9-11, 5-11, 8-11, 11-9, 13-11, 4-11）不敌日本选手张本智和，获得亚军。医疗暂停争议：第六局张本智和以4-2领先时申请医疗暂停，称膝盖扭伤需治疗。但网友指出其暂停后行动自如，且此前曾公开批评对手使用医疗暂停（如早田希娜对张本美和一战），被质疑“双标”和战术干扰。许昕在解说中表示：“合理利用规则，但真假难辨。暂停后张本智和以11-4速胜，王楚钦追分节奏被打断。🏆 2. 王楚钦的全年表现与压力2025年战绩：世锦赛男单冠军（多哈）亚洲杯冠军、美国大满贯冠军、重庆冠军赛冠军横滨赛前单打17连胜，张本智和终结其连胜纪录。","#王楚钦vs张本智和#比分详情：在2025年8月11日的WTT横滨冠军赛男单决赛中，王楚钦以2-4（9-11, 5-11, 8-11, 11-9, 13-11, 4-11）不敌日本选手张本智和，获得亚军。医疗暂停争议：第六局张本智和以4-2领先时申请医疗暂停，称膝盖扭伤需治疗。但网友指出其暂停后行动自如，且此前曾公开批评对手使用医疗暂停（如早田希娜对张本美和一战），被质疑“双标”和战术干扰。许昕在解说中表示：“合理利用规则，但真假难辨。暂停后张本智和以11-4速胜，王楚钦追分节奏被打断。🏆 2. 王楚钦的全年表现与压力2025年战绩：世锦赛男单冠军（多哈）亚洲杯冠军、美国大满贯冠军、重庆冠军赛冠军横滨赛前单打17连胜，张本智和终结其连胜纪录。",5,3,0,https://m.weibo.cn/detail/5198554872417268,6df9dad5193b4d38,False
5198556929720986,loss_20250811_yokohama_harimoto,王楚钦,loss,WTT横滨冠军赛2025男单决赛,WTT Champions,final,张本智和,2025-08-11T19:20:00+08:00,2025-08-12T19:20:00+08:00,2025-08-11 20:40:19+08:00,1.339,王楚钦 横滨冠军赛亚军 2025年8月11日,post,"#王楚钦对张本说恭喜啊#比赛结果在2025年8月11日的WTT横滨冠军赛男单决赛中，王楚钦以 2-4（11-9, 11-5, 11-8, 9-11, 11-13, 11-4） 负于日本选手张本智和，获得亚军。赛后互动颁奖环节中，王楚钦主动走向张本智和，握手并说出 “恭喜啊”，表达对对手的祝贺。他全程保持微笑，退场前还向现场球迷挥手致意、竖大拇指感谢支持。值得注意的是，张本智和夺冠后现场仅有零星掌声，而王楚钦作为亚军出场时却收获全场欢呼，形成鲜明对比。 王楚钦对张本说恭喜啊","#王楚钦对张本说恭喜啊#比赛结果在2025年8月11日的WTT横滨冠军赛男单决赛中，王楚钦以 2-4（11-9, 11-5, 11-8, 9-11, 11-13, 11-4） 负于日本选手张本智和，获得亚军。赛后互动颁奖环节中，王楚钦主动走向张本智和，握手并说出 “恭喜啊”，表达对对手的祝贺。他全程保持微笑，退场前还向现场球迷挥手致意、竖大拇指感谢支持。值得注意的是，张本智和夺冠后现场仅有零星掌声，而王楚钦作为亚军出场时却收获全场欢呼，形成鲜明对比。 王楚钦对张本说恭喜啊",0,0,0,https://m.weibo.cn/detail/5198556929720986,069630c5d682bd15,False
5198559834281336,loss_20250811_yokohama_harimoto,王楚钦,loss,WTT横滨冠军赛2025男单决赛,WTT Champions,final,张本智和,2025-08-11T19:20:00+08:00,2025-08-12T19:20:00+08:00,2025-08-11 20:51:52+08:00,1.531,王楚钦 张本智和 2025年8月11日,post,#王楚钦vs张本智和#体育竞技输赢很明确，没必要拿着对方的医疗暂停说事了，那个时候人家就已经领先了，实力说话，不行就回去努力，得分输赢是有弹性的，输了就放松一下在出发，下次大力弹射！ ,#王楚钦vs张本智和#体育竞技输赢很明确，没必要拿着对方的医疗暂停说事了，那个时候人家就已经领先了，实力说话，不行就回去努力，得分输赢是有弹性的，输了就放松一下在出发，下次大力弹射！,7,6,0,https://m.weibo.cn/detail/5198559834281336,ead6dfcf8772b29f,False
5198560664751489,loss_20250811_yokohama_harimoto,王楚钦,loss,WTT横滨冠军赛2025男单决赛,WTT Champions,final,张本智和,2025-08-11T19:20:00+08:00,2025-08-12T19:20:00+08:00,2025-08-11 20:55:10+08:00,1.586,王楚钦 横滨冠军赛亚军 2025年8月11日,post,"#王楚钦对张本说恭喜啊#在2025年8月11日WTT横滨冠军赛男单决赛中，王楚钦以2-4（比分：11-9, 5-11, 8-11, 11-9, 13-11, 4-11）负于日本选手张本智和，获得亚军。赛后颁奖环节，王楚钦主动走向张本智和，微笑握手并说出“恭喜啊”，这一举动引发广泛关注与赞誉主动祝贺：王楚钦在领奖后未立刻离场，而是走向张本智和握手并清晰表达祝贺。现场直拍显示，他随后站到台下为对手鼓掌。球迷互动：离场前，他向观众席竖起大拇指回应支持，全程保持微笑。 王楚钦对张本说恭喜啊","#王楚钦对张本说恭喜啊#在2025年8月11日WTT横滨冠军赛男单决赛中，王楚钦以2-4（比分：11-9, 5-11, 8-11, 11-9, 13-11, 4-11）负于日本选手张本智和，获得亚军。赛后颁奖环节，王楚钦主动走向张本智和，微笑握手并说出“恭喜啊”，这一举动引发广泛关注与赞誉主动祝贺：王楚钦在领奖后未立刻离场，而是走向张本智和握手并清晰表达祝贺。现场直拍显示，他随后站到台下为对手鼓掌。球迷互动：离场前，他向观众席竖起大拇指回应支持，全程保持微笑。 王楚钦对张本说恭喜啊",14,12,0,https://m.weibo.cn/detail/5198560664751489,2d6a407abc77ae47,False
5198564275784138,loss_20250811_yokohama_harimoto,王楚钦,loss,WTT横滨冠军赛2025男单决赛,WTT Champions,final,张本智和,2025-08-11T19:20:00+08:00,2025-08-12T19:20:00+08:00,2025-08-11 21:09:31+08:00,1.825,王楚钦 横滨冠军赛亚军 2025年8月11日,post,#王楚钦对张本说恭喜啊#王楚钦在2025年8月11日WTT横滨冠军赛男单决赛中，以2-4负于日本选手张本智和获得亚军。赛后颁奖环节中，王楚钦主动走向张本智和握手并清晰说出“恭喜啊”的祝贺，展现了大将风范和体育精神，引发广泛赞誉。以下是事件的核心细节及背景：🔍 事件核心事实赛后互动细节王楚钦在领完亚军奖杯后，并未立即离场，而是主动走向冠军张本智和，伸手与其握手并说“恭喜啊”，随后站到台下为张本鼓掌。现场直拍视频显示，王楚钦表情真诚，动作自然，全程保持微笑，结束后将手捧花扔给球迷后离场。,#王楚钦对张本说恭喜啊#王楚钦在2025年8月11日WTT横滨冠军赛男单决赛中，以2-4负于日本选手张本智和获得亚军。赛后颁奖环节中，王楚钦主动走向张本智和握手并清晰说出“恭喜啊”的祝贺，展现了大将风范和体育精神，引发广泛赞誉。以下是事件的核心细节及背景：🔍 事件核心事实赛后互动细节王楚钦在领完亚军奖杯后，并未立即离场，而是主动走向冠军张本智和，伸手与其握手并说“恭喜啊”，随后站到台下为张本鼓掌。现场直拍视频显示，王楚钦表情真诚，动作自然，全程保持微笑，结束后将手捧花扔给球迷后离场。,25,3,1,https://m.weibo.cn/detail/5198564275784138,dda3272a8eb618ef,False
5198566117084745,loss_20250811_yokohama_harimoto,王楚钦,loss,WTT横滨冠军赛2025男单决赛,WTT Champions,final,张本智和,2025-08-11T19:20:00+08:00,2025-08-12T19:20:00+08:00,2025-08-11 21:16:50+08:00,1.947,王楚钦 横滨冠军赛亚军 2025年8月11日,post,#王楚钦vs张本智和#🏓 王楚钦 vs 张本智和：横滨冠军赛决赛战报与深度解析⚡ 赛果速递决赛比分：王楚钦 2-4 张本智和（9-11、5-11、8-11、11-9、13-11、4-11）。@人民网226  赛事：2025年WTT横滨冠军赛男单决赛（2025年8月11日）。  关键转折：  张本智和开场连赢三局，凭借主场气势和速度压制建立优势。723  王楚钦第四、五局连扳两局（11-9、13-11），展现韧性，将大比分追至2-3。1922  医疗暂停争议：第六局张本智和4-2领先时申请医疗暂停，自称因膝盖扭伤需处理（解释为“王楚钦换衣服间隙久坐起身扭伤”）。部分观点认为此举打乱王楚钦追分节奏，但合规性无异议。@咪咕体育56最终影响：张本智和终结对王楚钦的8连败，首夺横滨赛冠军；王楚钦获亚军，国乒本站以1冠2亚收官。@中国新闻网30117咪咕体育影娱小可爱张逸轩同学会飞的猪演员会飞的猪演员咪咕体育小野的瓜田只加盐中国新闻网中国新闻网📊 历史交锋与技术对比总战绩：双方历史交手15次，王楚钦12胜3负。@鍋盖頭司令155  近期关键战：  2025年7月美国大满贯决赛：王楚钦4-0横扫张本智和（11-3、11-6、12-10、11-8）。@人民日报71  2024年福冈总决赛：王楚钦4-0完胜。77123技战术风格：  张本智和：反手拧拉速度快、衔接紧密，依赖主场氛围激发状态，但正手稳定性不足，情绪易波动。715  王楚钦：发球变化多端（半决赛发球得分率90%），反手拧拉压制力强，关键分心理素质过硬（如美国赛第三局10-8落后逆转）。8792103横滨赛差异：  张本智和战术针对性提升，赛前研究王楚钦视频制定策略；王楚钦开局慢热，前三局失误偏多，后程调整仍未能翻盘。152123人民日报I毅世-淇缘圈内漂流瓶璨然烟云头牌五花肉畅玩体新浪热点🔍 争议与场外焦点医疗暂停争议：  张本智和称暂停因膝盖不适，网友质疑其合理性和时机。15117  合规性获部分舆论支持：“合理利用规则，无需过度解读。610张本赛后言论：  提及“拉斯维加斯带来好运”（呼应美国赛亚军的心理暗示）。111王楚钦态度：主动握手祝贺对手，展现风度。15310头条新闻荔枝新闻🌟 赛事意义与未来展望张本智和：  打破对王楚钦三年连败，世界排名升至第3，增强巴黎奥运周期信心。王楚钦：  虽失利，但连扳两局展现抗压能力；需解决开局慢热问题，为后续瑞典赛调整。752930奥运前瞻：  此战为洛杉矶奥运周期埋下悬念，双方技术博弈与心理博弈将更趋激烈。15💎 总结 横滨一战，张本智和凭借主场优势、战术突破及关键分把握终结连败；王楚钦在逆境中展现韧性，但细节处理稍显不足。两人交锋史再添经典，未来对决仍是世界乒坛焦点！  下一站：WTT瑞典大满贯（8月14日开赛），王楚钦将携手孙颖莎、林诗栋等国乒主力再度出征。3075新华社 王楚钦vs张本智和,#王楚钦vs张本智和#🏓 王楚钦 vs 张本智和：横滨冠军赛决赛战报与深度解析⚡ 赛果速递决赛比分：王楚钦 2-4 张本智和（9-11、5-11、8-11、11-9、13-11、4-11）。@人民网226 赛事：2025年WTT横滨冠军赛男单决赛（2025年8月11日）。 关键转折： 张本智和开场连赢三局，凭借主场气势和速度压制建立优势。723 王楚钦第四、五局连扳两局（11-9、13-11），展现韧性，将大比分追至2-3。1922 医疗暂停争议：第六局张本智和4-2领先时申请医疗暂停，自称因膝盖扭伤需处理（解释为“王楚钦换衣服间隙久坐起身扭伤”）。部分观点认为此举打乱王楚钦追分节奏，但合规性无异议。@咪咕体育56最终影响：张本智和终结对王楚钦的8连败，首夺横滨赛冠军；王楚钦获亚军，国乒本站以1冠2亚收官。@中国新闻网30117咪咕体育影娱小可爱张逸轩同学会飞的猪演员会飞的猪演员咪咕体育小野的瓜田只加盐中国新闻网中国新闻网📊 历史交锋与技术对比总战绩：双方历史交手15次，王楚钦12胜3负。@鍋盖頭司令155 近期关键战： 2025年7月美国大满贯决赛：王楚钦4-0横扫张本智和（11-3、11-6、12-10、11-8）。@人民日报71 2024年福冈总决赛：王楚钦4-0完胜。77123技战术风格： 张本智和：反手拧拉速度快、衔接紧密，依赖主场氛围激发状态，但正手稳定性不足，情绪易波动。715 王楚钦：发球变化多端（半决赛发球得分率90%），反手拧拉压制力强，关键分心理素质过硬（如美国赛第三局10-8落后逆转）。8792103横滨赛差异： 张本智和战术针对性提升，赛前研究王楚钦视频制定策略；王楚钦开局慢热，前三局失误偏多，后程调整仍未能翻盘。152123人民日报I毅世-淇缘圈内漂流瓶璨然烟云头牌五花肉畅玩体新浪热点🔍 争议与场外焦点医疗暂停争议： 张本智和称暂停因膝盖不适，网友质疑其合理性和时机。15117 合规性获部分舆论支持：“合理利用规则，无需过度解读。610张本赛后言论： 提及“拉斯维加斯带来好运”（呼应美国赛亚军的心理暗示）。111王楚钦态度：主动握手祝贺对手，展现风度。15310头条新闻荔枝新闻🌟 赛事意义与未来展望张本智和： 打破对王楚钦三年连败，世界排名升至第3，增强巴黎奥运周期信心。王楚钦： 虽失利，但连扳两局展现抗压能力；需解决开局慢热问题，为后续瑞典赛调整。752930奥运前瞻： 此战为洛杉矶奥运周期埋下悬念，双方技术博弈与心理博弈将更趋激烈。15💎 总结 横滨一战，张本智和凭借主场优势、战术突破及关键分把握终结连败；王楚钦在逆境中展现韧性，但细节处理稍显不足。两人交锋史再添经典，未来对决仍是世界乒坛焦点！ 下一站：WTT瑞典大满贯（8月14日开赛），王楚钦将携手孙颖莎、林诗栋等国乒主力再度出征。3075新华社 王楚钦vs张本智和,0,0,0,https://m.weibo.cn/detail/5198566117084745,c4bc3605f17bba45,False
5198567000246224,loss_20250811_yokohama_harimoto,王楚钦,loss,WTT横滨冠军赛2025男单决赛,WTT Champions,final,张本智和,2025-08-11T19:20:00+08:00,2025-08-12T19:20:00+08:00,2025-08-11 21:20:20+08:00,2.006,王楚钦 横滨冠军赛亚军 2025年8月11日,post,#王楚钦vs张本智和#王楚钦与张本智和于2025年8月11日WTT横滨冠军赛男单决赛的对决，最终张本智和以 4-2（11-9、11-5、11-8、9-11、13-11、11-4）战胜王楚钦夺冠，终结对后者的八连败，王楚钦获亚军。以下为关键信息整合： 王楚钦vs张本智和 ,#王楚钦vs张本智和#王楚钦与张本智和于2025年8月11日WTT横滨冠军赛男单决赛的对决，最终张本智和以 4-2（11-9、11-5、11-8、9-11、13-11、11-4）战胜王楚钦夺冠，终结对后者的八连败，王楚钦获亚军。以下为关键信息整合： 王楚钦vs张本智和,0,5,0,https://m.weibo.cn/detail/5198567000246224,67a0394d4d0b4cd4,False
5198567165924868,loss_20250811_yokohama_harimoto,王楚钦,loss,WTT横滨冠军赛2025男单决赛,WTT Champions,final,张本智和,2025-08-11T19:20:00+08:00,2025-08-12T19:20:00+08:00,2025-08-11 21:21:00+08:00,2.017,王楚钦 横滨冠军赛亚军 2025年8月11日,post,#王楚钦vs张本智和#王楚钦与张本智和于2025年8月11日WTT横滨冠军赛男单决赛的对决，最终张本智和以 4-2（11-9、11-5、11-8、9-11、13-11、11-4）战胜王楚钦夺冠，终结对后者的八连败，王楚钦获亚军。以下为关键信息整合：开局劣势王楚钦开场慢热，张本智和凭借主场优势与战术针对性连赢三局（11-9、11-5、11-8）。张本通过站位靠后化解王楚钦速度优势，搓长结合短球破坏节奏，防守反击效率极高。顽强追分第四、五局王楚钦调整战术：第四局：加强反手相持质量，关键分果断出手，以11-9扳回一城。第五局：双方胶着至11平，王楚钦凭借正反手强攻连续突破张本正手防线，13-11再胜。战术针对性：赛前研究王楚钦视频，制定搓长+防守反击策略，有效限制其速度优势。心理突破：终结对王楚钦连败纪录，主场观众助威提振信心。王楚钦的挑战体能消耗：一日双赛（半决赛4-0莫雷加德）影响决赛状态。开局慢热：前三局无谓失误增多，节奏被张本掌控。张本智和：世界排名升至第3，打破三年冠军荒，为日本主场夺得重要一冠。王楚钦：虽失利仍居世界第2，下站将出战瑞典赛。奥运周期：此战为洛杉矶奥运埋下悬念，双方技术博弈将持续升级张本智和凭借战术执行与主场优势终结连败，而王楚钦在逆境中连追两局展现韧性。医疗暂停虽引争议，但赛果折射竞技体育的不可预测性。二人交锋史再添经典一战，未来对决仍值得期待。 王楚钦vs张本智和,#王楚钦vs张本智和#王楚钦与张本智和于2025年8月11日WTT横滨冠军赛男单决赛的对决，最终张本智和以 4-2（11-9、11-5、11-8、9-11、13-11、11-4）战胜王楚钦夺冠，终结对后者的八连败，王楚钦获亚军。以下为关键信息整合：开局劣势王楚钦开场慢热，张本智和凭借主场优势与战术针对性连赢三局（11-9、11-5、11-8）。张本通过站位靠后化解王楚钦速度优势，搓长结合短球破坏节奏，防守反击效率极高。顽强追分第四、五局王楚钦调整战术：第四局：加强反手相持质量，关键分果断出手，以11-9扳回一城。第五局：双方胶着至11平，王楚钦凭借正反手强攻连续突破张本正手防线，13-11再胜。战术针对性：赛前研究王楚钦视频，制定搓长+防守反击策略，有效限制其速度优势。心理突破：终结对王楚钦连败纪录，主场观众助威提振信心。王楚钦的挑战体能消耗：一日双赛（半决赛4-0莫雷加德）影响决赛状态。开局慢热：前三局无谓失误增多，节奏被张本掌控。张本智和：世界排名升至第3，打破三年冠军荒，为日本主场夺得重要一冠。王楚钦：虽失利仍居世界第2，下站将出战瑞典赛。奥运周期：此战为洛杉矶奥运埋下悬念，双方技术博弈将持续升级张本智和凭借战术执行与主场优势终结连败，而王楚钦在逆境中连追两局展现韧性。医疗暂停虽引争议，但赛果折射竞技体育的不可预测性。二人交锋史再添经典一战，未来对决仍值得期待。 王楚钦vs张本智和,0,0,0,https://m.weibo.cn/detail/5198567165924868,525543f76ecbe390,False
5198567723500900,loss_20250811_yokohama_harimoto,王楚钦,loss,WTT横滨冠军赛2025男单决赛,WTT Champions,final,张本智和,2025-08-11T19:20:00+08:00,2025-08-12T19:20:00+08:00,2025-08-11 21:23:13+08:00,2.054,王楚钦 横滨冠军赛亚军 2025年8月11日,post,#王楚钦对张本说恭喜啊#在2025年8月11日WTT横滨冠军赛男单决赛中，王楚钦以2-4的比分不敌日本选手张本智和，获得亚军。赛后颁奖环节，王楚钦展现了卓越的体育精神和风度，主动走向张本智和握手并送上祝贺：“恭喜啊！”这一细节迅速成为焦点，引发广泛赞誉。以下是事件的完整梳理： 王楚钦对张本说恭喜啊,#王楚钦对张本说恭喜啊#在2025年8月11日WTT横滨冠军赛男单决赛中，王楚钦以2-4的比分不敌日本选手张本智和，获得亚军。赛后颁奖环节，王楚钦展现了卓越的体育精神和风度，主动走向张本智和握手并送上祝贺：“恭喜啊！”这一细节迅速成为焦点，引发广泛赞誉。以下是事件的完整梳理： 王楚钦对张本说恭喜啊,0,1,0,https://m.weibo.cn/detail/5198567723500900,32bd08cffc01b7be,False
5198569260718039,loss_20250811_yokohama_harimoto,王楚钦,loss,WTT横滨冠军赛2025男单决赛,WTT Champions,final,张本智和,2025-08-11T19:20:00+08:00,2025-08-12T19:20:00+08:00,2025-08-11 21:29:19+08:00,2.155,王楚钦 横滨冠军赛亚军 2025年8月11日,post,#王楚钦说决赛就是全力以赴#在2025年8月11日的WTT横滨冠军赛男单决赛中，王楚钦以2-4不敌张本智和，未能夺冠。这是两人在国际赛场的第15次交锋，此前王楚钦在14次交手中仅输掉两场，并在赛前保持着对张本智和的8连胜。 比赛过程概述： - 第一局：双方战至9-9平，张本智和拿下关键分，以11-9先声夺人。 - 第二局：王楚钦失误较多，以5-11输掉。 - 第三局：王楚钦未能解决失误问题，以8-11再输一局。 - 第四局：王楚钦背水一战，以11-9扳回一局。 - 第五局：双方战至11-11平，王楚钦以13-11再度扳回一局。 - 第六局：张本智和在4-2领先时因大腿肌肉不适叫了医疗暂停，经过治疗后回到场上以11-4获胜，从而以大比分4-2击败王楚钦。 比赛结果及影响： 张本智和终结了对阵王楚钦的八连败，夺得冠军。这是他自2022年7月以来在国际大赛中的首个冠军。王楚钦获得亚军，他的8连胜被终结。这场比赛展示了两位选手的高水平对抗，也让人们对他们未来的对决充满期待。  王楚钦说决赛就是全力以赴,#王楚钦说决赛就是全力以赴#在2025年8月11日的WTT横滨冠军赛男单决赛中，王楚钦以2-4不敌张本智和，未能夺冠。这是两人在国际赛场的第15次交锋，此前王楚钦在14次交手中仅输掉两场，并在赛前保持着对张本智和的8连胜。 比赛过程概述： - 第一局：双方战至9-9平，张本智和拿下关键分，以11-9先声夺人。 - 第二局：王楚钦失误较多，以5-11输掉。 - 第三局：王楚钦未能解决失误问题，以8-11再输一局。 - 第四局：王楚钦背水一战，以11-9扳回一局。 - 第五局：双方战至11-11平，王楚钦以13-11再度扳回一局。 - 第六局：张本智和在4-2领先时因大腿肌肉不适叫了医疗暂停，经过治疗后回到场上以11-4获胜，从而以大比分4-2击败王楚钦。 比赛结果及影响： 张本智和终结了对阵王楚钦的八连败，夺得冠军。这是他自2022年7月以来在国际大赛中的首个冠军。王楚钦获得亚军，他的8连胜被终结。这场比赛展示了两位选手的高水平对抗，也让人们对他们未来的对决充满期待。 王楚钦说决赛就是全力以赴,0,0,0,https://m.weibo.cn/detail/5198569260718039,49f35a7fc196dc92,False
5198587977803366,loss_20250811_yokohama_harimoto,王楚钦,loss,WTT横滨冠军赛2025男单决赛,WTT Champions,final,张本智和,2025-08-11T19:20:00+08:00,2025-08-12T19:20:00+08:00,2025-08-11 22:43:42+08:00,3.395,王楚钦 横滨冠军赛亚军 2025年8月11日,post,2025年8月11日横滨冠军赛孙颖莎和王楚钦分别获得男女单亚军，希望莎头健康涨球，开心快乐就好 ,2025年8月11日横滨冠军赛孙颖莎和王楚钦分别获得男女单亚军，希望莎头健康涨球，开心快乐就好,2,0,0,https://m.weibo.cn/detail/5198587977803366,9da0fd088b7bd7e0,False
5198598372858045,loss_20250811_yokohama_harimoto,王楚钦,loss,WTT横滨冠军赛2025男单决赛,WTT Champions,final,张本智和,2025-08-11T19:20:00+08:00,2025-08-12T19:20:00+08:00,2025-08-11 23:25:00+08:00,4.083,王楚钦 横滨冠军赛亚军 2025年8月11日,post,【#WTT横滨冠军赛2025#】WTT冠军赛横滨站丨男单决赛2025年8月11日比赛存档王楚钦🇨🇳2-4张本智和🇯🇵比分【9-11，5-11，8-11，11-9，13-11，4-11】恭喜王楚钦🇨🇳获得WTT冠军赛横滨站男单亚军🥈    🎉王楚钦辛苦啦，我们下个赛场见cr:咪咕视频#王楚钦##王楚钦加油##5114##wtt横滨冠军赛2025# 柒染-ion的微博视频,【#WTT横滨冠军赛2025#】WTT冠军赛横滨站丨男单决赛2025年8月11日比赛存档王楚钦🇨🇳2-4张本智和🇯🇵比分【9-11，5-11，8-11，11-9，13-11，4-11】恭喜王楚钦🇨🇳获得WTT冠军赛横滨站男单亚军🥈 🎉王楚钦辛苦啦，我们下个赛场见cr:咪咕视频#王楚钦##王楚钦加油##5114##wtt横滨冠军赛2025# 柒染-ion的微博视频,0,0,0,https://m.weibo.cn/detail/5198598372858045,d6307845e2c5aff4,False
5198722990342323,loss_20250811_yokohama_harimoto,王楚钦,loss,WTT横滨冠军赛2025男单决赛,WTT Champions,final,张本智和,2025-08-11T19:20:00+08:00,2025-08-12T19:20:00+08:00,2025-08-12 07:40:10+08:00,12.336,王楚钦 横滨冠军赛亚军 2025年8月11日,post,突破 2025年8月11日，WTT横滨冠军赛男单决赛，张本智和4：2战胜了昔日几乎从未取得过胜利的、曾八连胜他的王楚钦。#WTT横滨冠军赛男单仅剩王楚钦向鹏##王楚钦WTT横滨冠军赛亚军##王楚钦晋级横滨赛男单决赛# 虽说张本是对手，但是要想进步，就必须从对手身上学习些什么。精神上看，是他没有被从未逾越的高峰所吓倒，面对看似不可逾越的高峰仍能气势恢宏，这是一种精神上的能动性。战术策略上看，由于张本历史上多次败于王楚钦带来的整体信心与气势不振，在比赛初期采取了整体上的战略防御，不上来就硬碰硬，尽量拖到相持阶段，在相持中抓住破绽，转入战略反攻，待气势与信心变足甚至超过王楚钦，转入战略进攻，化被动为主动。除了看到张本的胜利，也要看到王楚钦的实力。战场上没有常胜将军，一次失败不能说明自己实力下滑，也不能说明对手实力增加。虽然王楚钦输了，但他始终保持了战略进攻姿态，始终处于主动地位，始终给了对手强大的压力与震慑，这是实力、气势与决心胜过对手的体现。失败是表面，这些是实质。有了这些，未来的比赛胜利之根基便奠定，它是不能被这一次的失败所否定的。,突破 2025年8月11日，WTT横滨冠军赛男单决赛，张本智和4：2战胜了昔日几乎从未取得过胜利的、曾八连胜他的王楚钦。#WTT横滨冠军赛男单仅剩王楚钦向鹏##王楚钦WTT横滨冠军赛亚军##王楚钦晋级横滨赛男单决赛# 虽说张本是对手，但是要想进步，就必须从对手身上学习些什么。精神上看，是他没有被从未逾越的高峰所吓倒，面对看似不可逾越的高峰仍能气势恢宏，这是一种精神上的能动性。战术策略上看，由于张本历史上多次败于王楚钦带来的整体信心与气势不振，在比赛初期采取了整体上的战略防御，不上来就硬碰硬，尽量拖到相持阶段，在相持中抓住破绽，转入战略反攻，待气势与信心变足甚至超过王楚钦，转入战略进攻，化被动为主动。除了看到张本的胜利，也要看到王楚钦的实力。战场上没有常胜将军，一次失败不能说明自己实力下滑，也不能说明对手实力增加。虽然王楚钦输了，但他始终保持了战略进攻姿态，始终处于主动地位，始终给了对手强大的压力与震慑，这是实力、气势与决心胜过对手的体现。失败是表面，这些是实质。有了这些，未来的比赛胜利之根基便奠定，它是不能被这一次的失败所否定的。,0,0,0,https://m.weibo.cn/detail/5198722990342323,5054e4dbf8d129ac,False
5198739610276424,loss_20250811_yokohama_harimoto,王楚钦,loss,WTT横滨冠军赛2025男单决赛,WTT Champions,final,张本智和,2025-08-11T19:20:00+08:00,2025-08-12T19:20:00+08:00,2025-08-12 08:46:14+08:00,13.437,王楚钦 张本智和 2025年8月11日,post,#张本智和与父母庆祝夺冠#2025年8月11日，WTT横滨冠军赛男单决赛中，张本智和以4-2战胜王楚钦夺冠。这是他时隔3年后再次在国际大赛中收获冠军。夺冠后，张本智和十分激动，他脱下球衣亲吻球台，随后与父亲拥抱。比赛结束后，张本智和来到后台与团队一起庆祝，其父母也来到现场，和儿子合影留念。 又看到我了吗的微博视频,#张本智和与父母庆祝夺冠#2025年8月11日，WTT横滨冠军赛男单决赛中，张本智和以4-2战胜王楚钦夺冠。这是他时隔3年后再次在国际大赛中收获冠军。夺冠后，张本智和十分激动，他脱下球衣亲吻球台，随后与父亲拥抱。比赛结束后，张本智和来到后台与团队一起庆祝，其父母也来到现场，和儿子合影留念。 又看到我了吗的微博视频,6,1,0,https://m.weibo.cn/detail/5198739610276424,eab0bf9bbe5d169b,False
5144934416909126,win_20250316_chongqing_lin,王楚钦,win,WTT重庆冠军赛2025男单决赛,WTT Champions,final,林诗栋,2025-03-16T20:30:00+08:00,2025-03-17T20:30:00+08:00,2025-03-16 21:23:36+08:00,0.893,王楚钦 林诗栋 2025年3月16日,post,#王楚钦孙颖莎冠军自拍#的相关内容，来智搜看看 王楚钦与孙颖莎在2025年3月16日的WTT重庆冠军赛中分别夺得男单和女单冠军！恭喜大魔王小魔王拿下冠军，时隔一年终于拿下冠军啦！#ai兴趣创作计划##ai创造营#  王楚钦孙颖莎冠军自拍 ,#王楚钦孙颖莎冠军自拍#的相关内容，来智搜看看 王楚钦与孙颖莎在2025年3月16日的WTT重庆冠军赛中分别夺得男单和女单冠军！恭喜大魔王小魔王拿下冠军，时隔一年终于拿下冠军啦！#ai兴趣创作计划##ai创造营# 王楚钦孙颖莎冠军自拍,14,16,2,https://m.weibo.cn/detail/5144934416909126,ded24fbb2d607370,False
5144938507144935,win_20250316_chongqing_lin,王楚钦,win,WTT重庆冠军赛2025男单决赛,WTT Champions,final,林诗栋,2025-03-16T20:30:00+08:00,2025-03-17T20:30:00+08:00,2025-03-16 21:39:51+08:00,1.164,王楚钦 林诗栋 2025年3月16日,post,#王楚钦重回世界排名第一#王楚钦在2025年3月16日的WTT重庆冠军赛男单决赛中以4-1战胜队友林诗栋，凭借这场胜利获得1000积分，使其总积分达到8425分，反超林诗栋的8025分，从而重返男单世界排名第一[10]。这场比赛的胜利不仅为他带来赛事冠军头衔，还标志着其技术稳定性和心理抗压能力的进一步提升，例如半决赛击败张本智和延续了对其的七连胜纪录，展现了关键分处理能力。,#王楚钦重回世界排名第一#王楚钦在2025年3月16日的WTT重庆冠军赛男单决赛中以4-1战胜队友林诗栋，凭借这场胜利获得1000积分，使其总积分达到8425分，反超林诗栋的8025分，从而重返男单世界排名第一[10]。这场比赛的胜利不仅为他带来赛事冠军头衔，还标志着其技术稳定性和心理抗压能力的进一步提升，例如半决赛击败张本智和延续了对其的七连胜纪录，展现了关键分处理能力。,0,0,0,https://m.weibo.cn/detail/5144938507144935,8ab3452ac8ce5395,False
5144950811924449,win_20250316_chongqing_lin,王楚钦,win,WTT重庆冠军赛2025男单决赛,WTT Champions,final,林诗栋,2025-03-16T20:30:00+08:00,2025-03-17T20:30:00+08:00,2025-03-16 22:28:45+08:00,1.979,王楚钦 林诗栋 2025年3月16日,post,#王楚钦孙颖莎冠军自拍#在2025年3月16日举行的WTT重庆冠军赛中，王楚钦和孙颖莎分别以4-1战胜林诗栋、4-0击败陈幸同，夺得男单和女单冠军。赛后，两人在颁奖仪式上进行了冠军自拍互动，这一场景引发了广泛关注#ai兴趣创作计划##ai创造营# ,#王楚钦孙颖莎冠军自拍#在2025年3月16日举行的WTT重庆冠军赛中，王楚钦和孙颖莎分别以4-1战胜林诗栋、4-0击败陈幸同，夺得男单和女单冠军。赛后，两人在颁奖仪式上进行了冠军自拍互动，这一场景引发了广泛关注#ai兴趣创作计划##ai创造营#,20,15,1,https://m.weibo.cn/detail/5144950811924449,1754779b9362b3f9,False
5144956856177978,win_20250316_chongqing_lin,王楚钦,win,WTT重庆冠军赛2025男单决赛,WTT Champions,final,林诗栋,2025-03-16T20:30:00+08:00,2025-03-17T20:30:00+08:00,2025-03-16 22:52:46+08:00,2.379,王楚钦 林诗栋 2025年3月16日,post,#王楚钦孙颖莎冠军自拍##deepseek# 在2025年3月16日结束的WTT重庆冠军赛中，中国乒乓球队选手王楚钦和孙颖莎分别夺得男单和女单冠军。赛后，两位冠军选手手持奖杯与鲜花，拍摄了一张温馨的自拍合影，记录了这一荣耀时刻。这张自拍不仅展现了他们的胜利喜悦，也象征着“莎头组合”的默契与竞技状态的延续比赛成绩回顾。王楚钦在男单决赛中以4-1战胜队友林诗栋，夺得冠军。他在赛后表示，这一站的发挥超出了自己的预期，心态更加成熟。这张自拍不仅记录了两位选手的辉煌时刻，也展现了国乒的团队精神与荣耀。期待他们在未来的比赛中继续创造佳绩！,#王楚钦孙颖莎冠军自拍##deepseek# 在2025年3月16日结束的WTT重庆冠军赛中，中国乒乓球队选手王楚钦和孙颖莎分别夺得男单和女单冠军。赛后，两位冠军选手手持奖杯与鲜花，拍摄了一张温馨的自拍合影，记录了这一荣耀时刻。这张自拍不仅展现了他们的胜利喜悦，也象征着“莎头组合”的默契与竞技状态的延续比赛成绩回顾。王楚钦在男单决赛中以4-1战胜队友林诗栋，夺得冠军。他在赛后表示，这一站的发挥超出了自己的预期，心态更加成熟。这张自拍不仅记录了两位选手的辉煌时刻，也展现了国乒的团队精神与荣耀。期待他们在未来的比赛中继续创造佳绩！,0,0,0,https://m.weibo.cn/detail/5144956856177978,3be1a3542b9f86f9,False
5144959007590997,win_20250316_chongqing_lin,王楚钦,win,WTT重庆冠军赛2025男单决赛,WTT Champions,final,林诗栋,2025-03-16T20:30:00+08:00,2025-03-17T20:30:00+08:00,2025-03-16 23:01:19+08:00,2.522,王楚钦 林诗栋 2025年3月16日,post,#王楚钦孙颖莎冠军自拍#2025年3月16日，WTT重庆冠军赛落下帷幕，王楚钦和孙颖莎分别获得男单和女单冠军。颁奖仪式后，两人手持奖杯与鲜花同框自拍。 王楚钦在男单决赛中以4比1战胜林诗栋，孙颖莎在女单决赛中以4比0战胜陈幸同。两人在赛场上展现出了高超的技艺和顽强的拼搏精。同台合照，全场沸腾，网友们纷纷表示这是“顶峰相见”，见证了两人从青涩搭档到各自在单打领域取得卓越成就的成长历程。,#王楚钦孙颖莎冠军自拍#2025年3月16日，WTT重庆冠军赛落下帷幕，王楚钦和孙颖莎分别获得男单和女单冠军。颁奖仪式后，两人手持奖杯与鲜花同框自拍。 王楚钦在男单决赛中以4比1战胜林诗栋，孙颖莎在女单决赛中以4比0战胜陈幸同。两人在赛场上展现出了高超的技艺和顽强的拼搏精。同台合照，全场沸腾，网友们纷纷表示这是“顶峰相见”，见证了两人从青涩搭档到各自在单打领域取得卓越成就的成长历程。,1,2,0,https://m.weibo.cn/detail/5144959007590997,010e29587977a195,False
5144961793134903,win_20250316_chongqing_lin,王楚钦,win,WTT重庆冠军赛2025男单决赛,WTT Champions,final,林诗栋,2025-03-16T20:30:00+08:00,2025-03-17T20:30:00+08:00,2025-03-16 23:12:23+08:00,2.706,王楚钦 林诗栋 2025年3月16日,post,#王楚钦vs林诗栋#在2025年3月16日的WTT重庆冠军赛男单决赛中，王楚钦以4-1战胜林诗栋，夺得冠军，五局比分分别为11-5、6-11、11-7、11-5、11-6。这场胜利使王楚钦获得1000积分，反超林诗栋重返男单世界第一，林诗栋则以700积分暂居第二。 ,#王楚钦vs林诗栋#在2025年3月16日的WTT重庆冠军赛男单决赛中，王楚钦以4-1战胜林诗栋，夺得冠军，五局比分分别为11-5、6-11、11-7、11-5、11-6。这场胜利使王楚钦获得1000积分，反超林诗栋重返男单世界第一，林诗栋则以700积分暂居第二。,3,4,0,https://m.weibo.cn/detail/5144961793134903,53dcb067d4687963,False
5144972828082947,win_20250316_chongqing_lin,王楚钦,win,WTT重庆冠军赛2025男单决赛,WTT Champions,final,林诗栋,2025-03-16T20:30:00+08:00,2025-03-17T20:30:00+08:00,2025-03-16 23:56:14+08:00,3.437,王楚钦 林诗栋 2025年3月16日,post,#王楚钦孙颖莎冠军自拍#在2025年3月16日的WTT重庆冠军赛中，王楚钦和孙颖莎分别以4-1战胜林诗栋、4-0击败陈幸同，夺得男单和女单冠军。赛后颁奖仪式上，两人手持奖杯与鲜花进行了同框自拍，这一互动成为赛事焦点 ,#王楚钦孙颖莎冠军自拍#在2025年3月16日的WTT重庆冠军赛中，王楚钦和孙颖莎分别以4-1战胜林诗栋、4-0击败陈幸同，夺得男单和女单冠军。赛后颁奖仪式上，两人手持奖杯与鲜花进行了同框自拍，这一互动成为赛事焦点,0,1,0,https://m.weibo.cn/detail/5144972828082947,a2060d57482b896c,False
5145079472457472,win_20250316_chongqing_lin,王楚钦,win,WTT重庆冠军赛2025男单决赛,WTT Champions,final,林诗栋,2025-03-16T20:30:00+08:00,2025-03-17T20:30:00+08:00,2025-03-17 07:00:00+08:00,10.5,王楚钦 林诗栋 2025年3月16日,post,#刘国梁给王楚钦颁奖#2025年3月16日结束的WTT重庆冠军赛男单决赛中，王楚钦以4-1战胜队友林诗栋，首次夺得该赛事冠军。中国乒协主席刘国梁亲自为其颁发奖杯 ,#刘国梁给王楚钦颁奖#2025年3月16日结束的WTT重庆冠军赛男单决赛中，王楚钦以4-1战胜队友林诗栋，首次夺得该赛事冠军。中国乒协主席刘国梁亲自为其颁发奖杯,0,0,0,https://m.weibo.cn/detail/5145079472457472,74d728aa9deeb65a,False
5145079472457639,win_20250316_chongqing_lin,王楚钦,win,WTT重庆冠军赛2025男单决赛,WTT Champions,final,林诗栋,2025-03-16T20:30:00+08:00,2025-03-17T20:30:00+08:00,2025-03-17 07:00:00+08:00,10.5,王楚钦 林诗栋 2025年3月16日,post,#刘国梁给王楚钦颁奖#在2025年3月16日的WTT重庆冠军赛男单决赛中，王楚钦以4比1战胜队友林诗栋，夺得冠军。中国乒协主席刘国梁作为颁奖嘉宾，亲自为王楚钦颁发冠军奖杯。这是王楚钦首次在该赛事中登顶，也是他继2024年新加坡大满贯赛后再次由刘国梁颁奖。 ,#刘国梁给王楚钦颁奖#在2025年3月16日的WTT重庆冠军赛男单决赛中，王楚钦以4比1战胜队友林诗栋，夺得冠军。中国乒协主席刘国梁作为颁奖嘉宾，亲自为王楚钦颁发冠军奖杯。这是王楚钦首次在该赛事中登顶，也是他继2024年新加坡大满贯赛后再次由刘国梁颁奖。,0,0,0,https://m.weibo.cn/detail/5145079472457639,e6bd87e9217111a8,False
5145079513613550,win_20250316_chongqing_lin,王楚钦,win,WTT重庆冠军赛2025男单决赛,WTT Champions,final,林诗栋,2025-03-16T20:30:00+08:00,2025-03-17T20:30:00+08:00,2025-03-17 07:00:10+08:00,10.503,王楚钦 林诗栋 2025年3月16日,post,#王楚钦为家人祈祷#在2025年3月16日的WTT重庆冠军赛男单决赛中，王楚钦以4比1战胜队友林诗栋夺冠。赛后，他双手合十并比心的庆祝动作引发关注。他在采访中透露，这一手势是为家人祈祷，因比赛期间得知家中突发状况，过去一周内心备受煎熬，但仍坚持为国而战，希望用冠军为家人带来好运。 ,#王楚钦为家人祈祷#在2025年3月16日的WTT重庆冠军赛男单决赛中，王楚钦以4比1战胜队友林诗栋夺冠。赛后，他双手合十并比心的庆祝动作引发关注。他在采访中透露，这一手势是为家人祈祷，因比赛期间得知家中突发状况，过去一周内心备受煎熬，但仍坚持为国而战，希望用冠军为家人带来好运。,6,0,1,https://m.weibo.cn/detail/5145079513613550,d6e7e3fb27079d6c,False
5145200646161783,win_20250316_chongqing_lin,王楚钦,win,WTT重庆冠军赛2025男单决赛,WTT Champions,final,林诗栋,2025-03-16T20:30:00+08:00,2025-03-17T20:30:00+08:00,2025-03-17 15:01:30+08:00,18.525,王楚钦 林诗栋 2025年3月16日,post,#WTT重庆冠军赛##王楚钦vs林诗栋#在2025年3月16日的WTT重庆冠军赛男单决赛中，王楚钦以4-1战胜林诗栋，夺得冠军。王楚钦以11-5、6-11、11-7、11-5、11-6取胜，总比分4-1。比赛中，王楚钦展现了极强的正手进攻能力和前三板控制，尤其是第三局连得7分奠定优势。 ,#WTT重庆冠军赛##王楚钦vs林诗栋#在2025年3月16日的WTT重庆冠军赛男单决赛中，王楚钦以4-1战胜林诗栋，夺得冠军。王楚钦以11-5、6-11、11-7、11-5、11-6取胜，总比分4-1。比赛中，王楚钦展现了极强的正手进攻能力和前三板控制，尤其是第三局连得7分奠定优势。,7,18,0,https://m.weibo.cn/detail/5145200646161783,53dcb067d4687963,False
5145231180957096,win_20250316_chongqing_lin,王楚钦,win,WTT重庆冠军赛2025男单决赛,WTT Champions,final,林诗栋,2025-03-16T20:30:00+08:00,2025-03-17T20:30:00+08:00,2025-03-17 17:02:50+08:00,20.547,王楚钦 林诗栋 2025年3月16日,post,#莎头冠军笑容#的相关内容，来智搜看看在2025年3月16日的WTT重庆冠军赛中，王楚钦和孙颖莎分别夺得男女单打冠军，两人在颁奖仪式上自拍合影，展现了他们之间的深厚友谊和默契￼。孙颖莎以4-0横扫陈幸同，成功卫冕女单冠军，而王楚钦则以4-1战胜林诗栋夺冠￼。两人在比赛中的出色表现和夺冠后的开心笑容，成为了赛场上的亮点。孙颖莎在赛后表示，自己在比赛中的整体节奏把握得比较好，对观众和主办方的支持表示感谢￼。王楚钦和孙颖莎的合影也引发了社交媒体上的广泛讨论，许多粉丝表示对他们的支持和喜爱￼。此外，两人在赛场上的互动也备受关注。王楚钦在孙颖莎的比赛期间多次关注她的表现，展现了队友之间的支持￼。这种积极的互动和相互支持，也让他们的笑容更加灿烂，成为了国乒团队精神的象征￼。#ai创造营##ai兴趣创作计划##微博智搜热点创作大赛##微博智搜也能deepseek了#  莎头冠军笑容,#莎头冠军笑容#的相关内容，来智搜看看在2025年3月16日的WTT重庆冠军赛中，王楚钦和孙颖莎分别夺得男女单打冠军，两人在颁奖仪式上自拍合影，展现了他们之间的深厚友谊和默契￼。孙颖莎以4-0横扫陈幸同，成功卫冕女单冠军，而王楚钦则以4-1战胜林诗栋夺冠￼。两人在比赛中的出色表现和夺冠后的开心笑容，成为了赛场上的亮点。孙颖莎在赛后表示，自己在比赛中的整体节奏把握得比较好，对观众和主办方的支持表示感谢￼。王楚钦和孙颖莎的合影也引发了社交媒体上的广泛讨论，许多粉丝表示对他们的支持和喜爱￼。此外，两人在赛场上的互动也备受关注。王楚钦在孙颖莎的比赛期间多次关注她的表现，展现了队友之间的支持￼。这种积极的互动和相互支持，也让他们的笑容更加灿烂，成为了国乒团队精神的象征￼。#ai创造营##ai兴趣创作计划##微博智搜热点创作大赛##微博智搜也能deepseek了# 莎头冠军笑容,1,11,0,https://m.weibo.cn/detail/5145231180957096,977b23f623166458,False
5170301736060435,win_20250525_doha_calderano,王楚钦,win,多哈世乒赛2025男单决赛,World Championships,final,卡尔德拉诺,2025-05-25T21:00:00+08:00,2025-05-26T21:00:00+08:00,2025-05-25 21:24:16+08:00,0.404,王楚钦4比1卡尔德拉诺 2025多哈,post,王楚钦4比1雨果·卡尔德拉诺夺得2025多哈世乒赛男单冠军达成世乒赛金满贯🏆#2025多哈世乒赛# ,王楚钦4比1雨果·卡尔德拉诺夺得2025多哈世乒赛男单冠军达成世乒赛金满贯🏆#2025多哈世乒赛#,871,19,24,https://m.weibo.cn/detail/5170301736060435,a55c9fc0ac86bcf7,False
5170309789653987,win_20250525_doha_calderano,王楚钦,win,多哈世乒赛2025男单决赛,World Championships,final,卡尔德拉诺,2025-05-25T21:00:00+08:00,2025-05-26T21:00:00+08:00,2025-05-25 21:56:16+08:00,0.938,王楚钦4比1卡尔德拉诺 2025多哈,post,#2025多哈世乒赛# 男单决赛，王楚钦4-1雨果-卡尔德拉诺，赢得多哈世乒赛这个项目冠军。赛后接受采访，王楚钦表示：其实对于我来说，就很不可思议，虽然说自己在德班的时候也进入到了决赛，但那时候自己相对懵懂。并没有感觉世乒赛有多难。当时自己进入到决赛的时候。其实并没有太多挫折和困难。奥运会后所有的比赛，到现在输掉的所有比赛，到对手面对现在自己的时候，每一场比赛都如履薄冰、非常艰难。才慢慢懂得之前龙哥、东哥那会有多不容易。慢慢随着年龄的增长，也会感觉到这个重担不是谁都能扛起来的。其实不论是奥运会还是世乒赛，都像是一个马拉松。可能世乒赛的感觉会更长一些，因为场次更多。更像是一场马拉松，这中间每一场都要全力以赴，当最后一场去打。但你依旧每天又要去一如既往地保持专注，小半个月的时间对人的耐性、忍受力的考验，你怎么能做到每天都很正常度过，这也是很难的。但终归结果是好的，就很开心。#王楚钦冠军# 我们爱体育的微博视频 ,#2025多哈世乒赛# 男单决赛，王楚钦4-1雨果-卡尔德拉诺，赢得多哈世乒赛这个项目冠军。赛后接受采访，王楚钦表示：其实对于我来说，就很不可思议，虽然说自己在德班的时候也进入到了决赛，但那时候自己相对懵懂。并没有感觉世乒赛有多难。当时自己进入到决赛的时候。其实并没有太多挫折和困难。奥运会后所有的比赛，到现在输掉的所有比赛，到对手面对现在自己的时候，每一场比赛都如履薄冰、非常艰难。才慢慢懂得之前龙哥、东哥那会有多不容易。慢慢随着年龄的增长，也会感觉到这个重担不是谁都能扛起来的。其实不论是奥运会还是世乒赛，都像是一个马拉松。可能世乒赛的感觉会更长一些，因为场次更多。更像是一场马拉松，这中间每一场都要全力以赴，当最后一场去打。但你依旧每天又要去一如既往地保持专注，小半个月的时间对人的耐性、忍受力的考验，你怎么能做到每天都很正常度过，这也是很难的。但终归结果是好的，就很开心。#王楚钦冠军# 我们爱体育的微博视频,108,0,5,https://m.weibo.cn/detail/5170309789653987,38340918e1461d16,False
5170326881439242,win_20250525_doha_calderano,王楚钦,win,多哈世乒赛2025男单决赛,World Championships,final,卡尔德拉诺,2025-05-25T21:00:00+08:00,2025-05-26T21:00:00+08:00,2025-05-25 23:04:11+08:00,2.07,王楚钦 卡尔德拉诺 2025年5月25日,post,#王楚钦成首位00后男单世界冠军#2025年5月25日，中国乒乓球选手王楚钦在多哈世乒赛男单决赛中以4:1战胜巴西选手雨果·卡尔德拉诺，首次夺得世乒赛男单冠军，成为世界乒坛首位“00后”男单世界冠军。这一胜利标志着他在职业生涯中的重大突破，也填补了其三大赛（奥运会、世乒赛、世界杯）单打冠军的空白。,#王楚钦成首位00后男单世界冠军#2025年5月25日，中国乒乓球选手王楚钦在多哈世乒赛男单决赛中以4:1战胜巴西选手雨果·卡尔德拉诺，首次夺得世乒赛男单冠军，成为世界乒坛首位“00后”男单世界冠军。这一胜利标志着他在职业生涯中的重大突破，也填补了其三大赛（奥运会、世乒赛、世界杯）单打冠军的空白。,5,4,0,https://m.weibo.cn/detail/5170326881439242,53dcb067d4687963,False
5170443058939332,win_20250525_doha_calderano,王楚钦,win,多哈世乒赛2025男单决赛,World Championships,final,卡尔德拉诺,2025-05-25T21:00:00+08:00,2025-05-26T21:00:00+08:00,2025-05-26 06:45:50+08:00,9.764,王楚钦 卡尔德拉诺 2025年5月25日,post,#王楚钦成首位00后男单世界冠军#在2025年5月25日多哈世界乒乓球锦标赛男单决赛上，王楚钦以4 - 1战胜巴西选手雨果·卡尔德拉诺，首夺世乒赛男单冠军，成为首位“00后”男单世界冠军。王楚钦2000年出生，是国乒运动员。这是他第六次参加乒乓球三大赛单打，此前成绩不佳，2021年世乒赛止步1/8决赛，2023年获亚军，2024年世界杯四强，同年奥运会止步1/16决赛，2025年澳门世界杯四强，还在该届世界杯半决赛输给雨果。此次夺冠意义重大，他不仅打破外界质疑，还刷新个人职业生涯三项纪录：成为首位“00后”男单世界冠军；是中国第一位左手持拍的世乒赛单打冠军；达成世乒赛金满贯，单打、男双、混双、男团均获冠军。王楚钦赛后释放压力，解开多年心结。未来他的目标或是实现三大赛全部夺冠，在奥运封王，成为国乒下一位大满贯球员 等日出的白月光的微博视频,#王楚钦成首位00后男单世界冠军#在2025年5月25日多哈世界乒乓球锦标赛男单决赛上，王楚钦以4 - 1战胜巴西选手雨果·卡尔德拉诺，首夺世乒赛男单冠军，成为首位“00后”男单世界冠军。王楚钦2000年出生，是国乒运动员。这是他第六次参加乒乓球三大赛单打，此前成绩不佳，2021年世乒赛止步1/8决赛，2023年获亚军，2024年世界杯四强，同年奥运会止步1/16决赛，2025年澳门世界杯四强，还在该届世界杯半决赛输给雨果。此次夺冠意义重大，他不仅打破外界质疑，还刷新个人职业生涯三项纪录：成为首位“00后”男单世界冠军；是中国第一位左手持拍的世乒赛单打冠军；达成世乒赛金满贯，单打、男双、混双、男团均获冠军。王楚钦赛后释放压力，解开多年心结。未来他的目标或是实现三大赛全部夺冠，在奥运封王，成为国乒下一位大满贯球员 等日出的白月光的微博视频,333,11,12,https://m.weibo.cn/detail/5170443058939332,2a6af08c008ffa8d,False
5170505628779714,win_20250525_doha_calderano,王楚钦,win,多哈世乒赛2025男单决赛,World Championships,final,卡尔德拉诺,2025-05-25T21:00:00+08:00,2025-05-26T21:00:00+08:00,2025-05-26 10:54:28+08:00,13.908,王楚钦 卡尔德拉诺 2025年5月25日,post,【#王楚钦说仿佛心头多年的结解开了#】据新华社消息，2025年5月25日，中国选手王楚钦在多哈举行的2025年世界乒乓球锦标赛男子单打决赛中，以4比1击败巴西选手雨果·卡尔德拉诺，首次夺得世乒赛男单冠军。赛后采访中，当被问到当下心情，王楚钦说：“仿佛心头多年的结解开了。”对于这场比赛，他一直对自己说没有压力，“就像平常的比赛，正因为有这样的心态、专注度，才有了今天这样一场决赛。”#新青年体育# 青豆视频的微博视频,【#王楚钦说仿佛心头多年的结解开了#】据新华社消息，2025年5月25日，中国选手王楚钦在多哈举行的2025年世界乒乓球锦标赛男子单打决赛中，以4比1击败巴西选手雨果·卡尔德拉诺，首次夺得世乒赛男单冠军。赛后采访中，当被问到当下心情，王楚钦说：“仿佛心头多年的结解开了。”对于这场比赛，他一直对自己说没有压力，“就像平常的比赛，正因为有这样的心态、专注度，才有了今天这样一场决赛。”#新青年体育# 青豆视频的微博视频,3,0,0,https://m.weibo.cn/detail/5170505628779714,17664e5761f556ad,False
5188269088444237,win_20250714_us_smash_harimoto,王楚钦,win,WTT美国大满贯2025男单决赛,WTT Grand Smash,final,张本智和,2025-07-14T10:30:00+08:00,2025-07-15T10:30:00+08:00,2025-07-14 11:20:07+08:00,0.835,王楚钦 张本智和 2025年7月14日,post,#王楚钦vs张本智和#2025年7月14日，WTT美国大满贯男子单打决赛上演了王楚钦与张本智和的对决。最终王楚钦发挥出色，以4-0的比分战胜张本智和，夺得男单冠军。这也是王楚钦职业生涯第三次夺得WTT大满贯男单冠军。这是两人职业生涯第14次对决，此前13次交手中王楚钦11胜2负，占据明显优势，且本次比赛前已对张本智和取得7连胜。 王楚钦vs张本智和,#王楚钦vs张本智和#2025年7月14日，WTT美国大满贯男子单打决赛上演了王楚钦与张本智和的对决。最终王楚钦发挥出色，以4-0的比分战胜张本智和，夺得男单冠军。这也是王楚钦职业生涯第三次夺得WTT大满贯男单冠军。这是两人职业生涯第14次对决，此前13次交手中王楚钦11胜2负，占据明显优势，且本次比赛前已对张本智和取得7连胜。 王楚钦vs张本智和,16,14,0,https://m.weibo.cn/detail/5188269088444237,1d9c158a1a07eab9,False
5188270560379970,win_20250714_us_smash_harimoto,王楚钦,win,WTT美国大满贯2025男单决赛,WTT Grand Smash,final,张本智和,2025-07-14T10:30:00+08:00,2025-07-15T10:30:00+08:00,2025-07-14 11:25:58+08:00,0.933,王楚钦 张本智和 2025年7月14日,post,#王楚钦4比0张本智和#张本智和你真是破不了这个心魔呢，王楚钦这次厉害了，我们乒乓球从来没有必然，都是运动员一路努力的结果，谁说就一定是中国夺冠，那么多拼抢，运动员训练这么辛苦，再次恭喜男乒了！！！王楚钦与张本智和交手记录又更新了，截至2025年7月14日，双方共计对决14次。王楚钦占据明显优势，取得了12胜2负的战绩。 王楚钦4比0张本智和,#王楚钦4比0张本智和#张本智和你真是破不了这个心魔呢，王楚钦这次厉害了，我们乒乓球从来没有必然，都是运动员一路努力的结果，谁说就一定是中国夺冠，那么多拼抢，运动员训练这么辛苦，再次恭喜男乒了！！！王楚钦与张本智和交手记录又更新了，截至2025年7月14日，双方共计对决14次。王楚钦占据明显优势，取得了12胜2负的战绩。 王楚钦4比0张本智和,20,20,0,https://m.weibo.cn/detail/5188270560379970,a046862810625063,False
5188275669305415,win_20250714_us_smash_harimoto,王楚钦,win,WTT美国大满贯2025男单决赛,WTT Grand Smash,final,张本智和,2025-07-14T10:30:00+08:00,2025-07-15T10:30:00+08:00,2025-07-14 11:46:16+08:00,1.271,王楚钦 张本智和 2025年7月14日,post,#王楚钦美国大满贯夺冠#王楚钦太棒了吧！下次也要加油哦！北京时间2025年7月14日，WTT美国大满贯男单决赛，王楚钦以4-0横扫日本选手张本智和（四局比分：11-3、11-6、12-10、11-8），夺得冠军。赛事意义：这是王楚钦职业生涯第3个WTT大满贯男单冠军（前两次为2024年新加坡、沙特大满贯），也是国乒本站赛事斩获的3项冠军之一（另两项为女双、混双）王楚钦用这场酣畅淋漓的胜利宣告：国乒的荣耀传承仍在继续！ 王楚钦美国大满贯夺冠,#王楚钦美国大满贯夺冠#王楚钦太棒了吧！下次也要加油哦！北京时间2025年7月14日，WTT美国大满贯男单决赛，王楚钦以4-0横扫日本选手张本智和（四局比分：11-3、11-6、12-10、11-8），夺得冠军。赛事意义：这是王楚钦职业生涯第3个WTT大满贯男单冠军（前两次为2024年新加坡、沙特大满贯），也是国乒本站赛事斩获的3项冠军之一（另两项为女双、混双）王楚钦用这场酣畅淋漓的胜利宣告：国乒的荣耀传承仍在继续！ 王楚钦美国大满贯夺冠,1,14,0,https://m.weibo.cn/detail/5188275669305415,e8cca40482365f91,False
5188276585758947,win_20250714_us_smash_harimoto,王楚钦,win,WTT美国大满贯2025男单决赛,WTT Grand Smash,final,张本智和,2025-07-14T10:30:00+08:00,2025-07-15T10:30:00+08:00,2025-07-14 11:49:53+08:00,1.331,王楚钦 美国大满贯夺冠 2025年7月14日,post,#王楚钦美国大满贯夺冠#比赛结果：北京时间2025年7月14日，WTT美国大满贯男单决赛，王楚钦以4-0横扫日本选手张本智和（四局比分：11-3、11-6、12-10、11-8），夺得冠军。 王楚钦美国大满贯夺冠 ,#王楚钦美国大满贯夺冠#比赛结果：北京时间2025年7月14日，WTT美国大满贯男单决赛，王楚钦以4-0横扫日本选手张本智和（四局比分：11-3、11-6、12-10、11-8），夺得冠军。 王楚钦美国大满贯夺冠,0,0,0,https://m.weibo.cn/detail/5188276585758947,fb734a0ec6e0c396,False
5188277560672415,win_20250714_us_smash_harimoto,王楚钦,win,WTT美国大满贯2025男单决赛,WTT Grand Smash,final,张本智和,2025-07-14T10:30:00+08:00,2025-07-15T10:30:00+08:00,2025-07-14 11:53:46+08:00,1.396,王楚钦 美国大满贯夺冠 2025年7月14日,post,中国乒乓球队 北京时间2025年7月14日，2025赛季WTT美国🇺🇸大满贯赛结束男子单打决赛，王楚钦获得冠军🏆，本场比赛，面对张本智和🇯🇵，王楚钦从心态到技术上都碾压对手，其中第3局，王楚钦在8:10落后的情况下连扳4分，成为这场比赛的关键，最终，王楚钦4:0横扫张本智和，顺利夺冠 专栏 · 洛杉矶奥运会即时图文播报,中国乒乓球队 北京时间2025年7月14日，2025赛季WTT美国🇺🇸大满贯赛结束男子单打决赛，王楚钦获得冠军🏆，本场比赛，面对张本智和🇯🇵，王楚钦从心态到技术上都碾压对手，其中第3局，王楚钦在8:10落后的情况下连扳4分，成为这场比赛的关键，最终，王楚钦4:0横扫张本智和，顺利夺冠 专栏 · 洛杉矶奥运会即时图文播报,5,0,0,https://m.weibo.cn/detail/5188277560672415,0571a3492226944b,False
5188278959477516,win_20250714_us_smash_harimoto,王楚钦,win,WTT美国大满贯2025男单决赛,WTT Grand Smash,final,张本智和,2025-07-14T10:30:00+08:00,2025-07-15T10:30:00+08:00,2025-07-14 11:59:20+08:00,1.489,王楚钦 张本智和 2025年7月14日,post,#王楚钦第3次WTT大满贯男单冠军#北京时间2025年7月14日，在WTT美国大满贯男单决赛中，王楚钦以4 - 0击败日本选手张本智和，第三次夺得WTT大满贯男单冠军。此前他还获得2024年新加坡大满贯、2024年沙特大满贯男单冠军。比赛过程● 首局：王楚钦在2 - 3落后时连得9分，以11 - 3先声夺人。● 第二局：他延续良好状态，以11 - 6再下一城。● 第三局：张本智和开局以6 - 1领先，甚至一度以10 - 8手握两个局点。但王楚钦一记反手拧拉撕开防线，随后正手爆冲追至10 - 10平，最终连救局点后反手变线得手，以12 - 10逆转获胜。● 第四局：双方战至5 - 5平，王楚钦抓住机会连得3分占据主动，尽管9 - 6领先后出现失误被追至9 - 8，但他暂停调整后稳住心态，以11 - 8终结比赛。比赛意义这场胜利进一步巩固了王楚钦在国乒中的核心地位，也让他在竞争激烈的世界排名中，获得2000分世界排名积分，在与队友的积分竞争中更具优势。过往交锋这是王楚钦和张本智和职业生涯第14次对决，此前13次交手中，王楚钦11胜2负，且已取得7连胜，占据心理和技术上的双重优势。晋级之路本次赛事王楚钦晋级过程并不轻松。1/4决赛他在先丢一局、第二局开局7 - 10落后的情况下，最后时刻连追5分逆转战胜达科·约奇克；半决赛与法国猛将F·勒布伦鏖战七局，决胜局以11 - 9惊险拿下。赛后表态王楚钦表示每一分都是拼出来的，决赛会全力以赴享受比赛。还称看清自身问题和空间，回去会总结，感谢现场支持他和中国队的球迷，觉得这次表现没让大家失望。王楚钦第3次wtt大满贯男单冠军 等日出的白月光的微博视频,#王楚钦第3次WTT大满贯男单冠军#北京时间2025年7月14日，在WTT美国大满贯男单决赛中，王楚钦以4 - 0击败日本选手张本智和，第三次夺得WTT大满贯男单冠军。此前他还获得2024年新加坡大满贯、2024年沙特大满贯男单冠军。比赛过程● 首局：王楚钦在2 - 3落后时连得9分，以11 - 3先声夺人。● 第二局：他延续良好状态，以11 - 6再下一城。● 第三局：张本智和开局以6 - 1领先，甚至一度以10 - 8手握两个局点。但王楚钦一记反手拧拉撕开防线，随后正手爆冲追至10 - 10平，最终连救局点后反手变线得手，以12 - 10逆转获胜。● 第四局：双方战至5 - 5平，王楚钦抓住机会连得3分占据主动，尽管9 - 6领先后出现失误被追至9 - 8，但他暂停调整后稳住心态，以11 - 8终结比赛。比赛意义这场胜利进一步巩固了王楚钦在国乒中的核心地位，也让他在竞争激烈的世界排名中，获得2000分世界排名积分，在与队友的积分竞争中更具优势。过往交锋这是王楚钦和张本智和职业生涯第14次对决，此前13次交手中，王楚钦11胜2负，且已取得7连胜，占据心理和技术上的双重优势。晋级之路本次赛事王楚钦晋级过程并不轻松。1/4决赛他在先丢一局、第二局开局7 - 10落后的情况下，最后时刻连追5分逆转战胜达科·约奇克；半决赛与法国猛将F·勒布伦鏖战七局，决胜局以11 - 9惊险拿下。赛后表态王楚钦表示每一分都是拼出来的，决赛会全力以赴享受比赛。还称看清自身问题和空间，回去会总结，感谢现场支持他和中国队的球迷，觉得这次表现没让大家失望。王楚钦第3次wtt大满贯男单冠军 等日出的白月光的微博视频,137,28,4,https://m.weibo.cn/detail/5188278959477516,2a6af08c008ffa8d,False
5188282073748461,win_20250714_us_smash_harimoto,王楚钦,win,WTT美国大满贯2025男单决赛,WTT Grand Smash,final,张本智和,2025-07-14T10:30:00+08:00,2025-07-15T10:30:00+08:00,2025-07-14 12:11:43+08:00,1.695,王楚钦 张本智和 2025年7月14日,post,#王楚钦和张本智和的八年#王楚钦和张本智和首次相遇是在2018年青奥会男单决赛。截至2025年7月14日WTT美国大满贯赛后，他们在国际赛场上共交手14次，王楚钦取得了12胜2负的压倒性优势。特别是最近8次交锋，王楚钦保持全胜。 ,#王楚钦和张本智和的八年#王楚钦和张本智和首次相遇是在2018年青奥会男单决赛。截至2025年7月14日WTT美国大满贯赛后，他们在国际赛场上共交手14次，王楚钦取得了12胜2负的压倒性优势。特别是最近8次交锋，王楚钦保持全胜。,342,13,18,https://m.weibo.cn/detail/5188282073748461,6570637fc2dee1ca,False
5188287763321549,win_20250714_us_smash_harimoto,王楚钦,win,WTT美国大满贯2025男单决赛,WTT Grand Smash,final,张本智和,2025-07-14T10:30:00+08:00,2025-07-15T10:30:00+08:00,2025-07-14 12:34:19+08:00,2.072,王楚钦 美国大满贯夺冠 2025年7月14日,post,#王楚钦美国大满贯夺冠#2025年7月14日，#王楚钦VS张本智和#WTT美国大满贯2025男单决赛中，#王楚钦4比0胜张本智和#，夺得美国大满贯男单冠军。祝贺王楚钦 2025年WTT美国大满贯🏓|男单决赛王楚钦🇨🇳4-0张本智和🇯🇵 【11-3，11-6，12-10，11-8】恭喜王楚钦🇨🇳获得WTT美国大满贯男单冠军🥇,#王楚钦美国大满贯夺冠#2025年7月14日，#王楚钦VS张本智和#WTT美国大满贯2025男单决赛中，#王楚钦4比0胜张本智和#，夺得美国大满贯男单冠军。祝贺王楚钦 2025年WTT美国大满贯🏓|男单决赛王楚钦🇨🇳4-0张本智和🇯🇵 【11-3，11-6，12-10，11-8】恭喜王楚钦🇨🇳获得WTT美国大满贯男单冠军🥇,2,0,0,https://m.weibo.cn/detail/5188287763321549,fa6f3fb64679f2c4,False
5188307774081974,win_20250714_us_smash_harimoto,王楚钦,win,WTT美国大满贯2025男单决赛,WTT Grand Smash,final,张本智和,2025-07-14T10:30:00+08:00,2025-07-15T10:30:00+08:00,2025-07-14 13:53:50+08:00,3.397,王楚钦 美国大满贯夺冠 2025年7月14日,post,#Oakley 王楚钦#根据综合信息分析，王楚钦与运动品牌Oakley的合作已正式启动，以下是关键信息总结：🏆 核心事件：官宣合作与时间节点合作背景  王楚钦于2025年7月14日夺得WTT美国大满贯男单冠军（半决赛4-3险胜法国选手F·勒布伦，决赛击败对手未公开），赛后立即引发Oakley商务合作官宣。@农民频道12农民频道蜜罐里有颗小白球  多个认证账号透露，王楚钦在赛事期间多次佩戴Oakley产品（如墨镜），被粉丝调侃“没有一样东西是白戴的。124不拿拿香蕉猫官宣计划  时间：合作将于7月15日上午10:00正式公布。348一棵大树511  宣传主题：以“未来造物·超前觉醒”为口号，突出“冠军与顶尖品牌契合”的定位。41330💼 合作价值与公众反响品牌匹配度  球迷普遍认可Oakley的专业运动属性与王楚钦的“世界顶级运动员”身份契合，称“顶级球星配顶级品牌”“冠军配冠军。92129  合作被解读为“夺冠后商业价值即时兑现”，凸显其国际影响力。102226市场热度  话题#Oakley 王楚钦#在微博形成刷屏效应，粉丝积极互动“期待王楚钦酷帅造型”“背影都彰显权威感。71735你总呆呆的owo  台湾地区解说提及“王楚钦身上广告位抢眼”，引发球迷自豪感。11🎯 延伸背景：王楚钦近期表现技术实力  美国大满贯半决赛中，他在关键局打出20板超长相持球，展现极强的抗压能力与体能储备。6  国际选手如奥恰洛夫评价“发球精湛”，美国选手王艾米直言“He&#39;s so good。5厚豆泥witnesses公众形象  延续一贯的谦逊风格（如对对手说“good match”）与幽默特质（如“能赢一场是一场”金句），形成“实力+人格魅力”的双重吸引力。⏳ 下一步动向合作详情需等待7月15日10:00 Oakley官方揭晓，预计将释出宣传片或联名产品。348  王楚钦作为国乒新生代领军人物，此次合作或为其开拓更多国际高端品牌合作路径。💎 总结：王楚钦以赛场上硬实力夺冠、赛场外商业价值飙升的姿态，印证了球迷所言——“球技与人品兼具的冠军，终将被世界看见。” oakley 王楚钦,#Oakley 王楚钦#根据综合信息分析，王楚钦与运动品牌Oakley的合作已正式启动，以下是关键信息总结：🏆 核心事件：官宣合作与时间节点合作背景 王楚钦于2025年7月14日夺得WTT美国大满贯男单冠军（半决赛4-3险胜法国选手F·勒布伦，决赛击败对手未公开），赛后立即引发Oakley商务合作官宣。@农民频道12农民频道蜜罐里有颗小白球 多个认证账号透露，王楚钦在赛事期间多次佩戴Oakley产品（如墨镜），被粉丝调侃“没有一样东西是白戴的。124不拿拿香蕉猫官宣计划 时间：合作将于7月15日上午10:00正式公布。348一棵大树511 宣传主题：以“未来造物·超前觉醒”为口号，突出“冠军与顶尖品牌契合”的定位。41330💼 合作价值与公众反响品牌匹配度 球迷普遍认可Oakley的专业运动属性与王楚钦的“世界顶级运动员”身份契合，称“顶级球星配顶级品牌”“冠军配冠军。92129 合作被解读为“夺冠后商业价值即时兑现”，凸显其国际影响力。102226市场热度 话题#Oakley 王楚钦#在微博形成刷屏效应，粉丝积极互动“期待王楚钦酷帅造型”“背影都彰显权威感。71735你总呆呆的owo 台湾地区解说提及“王楚钦身上广告位抢眼”，引发球迷自豪感。11🎯 延伸背景：王楚钦近期表现技术实力 美国大满贯半决赛中，他在关键局打出20板超长相持球，展现极强的抗压能力与体能储备。6 国际选手如奥恰洛夫评价“发球精湛”，美国选手王艾米直言“He&#39;s so good。5厚豆泥witnesses公众形象 延续一贯的谦逊风格（如对对手说“good match”）与幽默特质（如“能赢一场是一场”金句），形成“实力+人格魅力”的双重吸引力。⏳ 下一步动向合作详情需等待7月15日10:00 Oakley官方揭晓，预计将释出宣传片或联名产品。348 王楚钦作为国乒新生代领军人物，此次合作或为其开拓更多国际高端品牌合作路径。💎 总结：王楚钦以赛场上硬实力夺冠、赛场外商业价值飙升的姿态，印证了球迷所言——“球技与人品兼具的冠军，终将被世界看见。” oakley 王楚钦,3,0,0,https://m.weibo.cn/detail/5188307774081974,6316ce4dd1807158,False
5188342725741760,win_20250714_us_smash_harimoto,王楚钦,win,WTT美国大满贯2025男单决赛,WTT Grand Smash,final,张本智和,2025-07-14T10:30:00+08:00,2025-07-15T10:30:00+08:00,2025-07-14 16:12:43+08:00,5.712,王楚钦 美国大满贯夺冠 2025年7月14日,post,#国乒美国大满贯合影#以下是关于“国乒美国大满贯合影”的核心信息整理，综合赛事背景、合影细节及趣味花絮：🏓 一、合影基本信息时间与背景合影拍摄于 2025年7月14日，即WTT美国大满贯赛事结束后。国乒本次赛事收获 男单、女双、混双三项冠军（王楚钦男单夺冠、王艺迪/蒯曼女双夺冠、林诗栋/蒯曼混双夺冠）。全员包括运动员、教练组及后勤人员参与，队员手持五星红旗庆祝。现场花絮肖战教练踮脚抢镜：站在王曼昱身后时因身高不足努力踮脚，反复尝试后不得不调整站位，画面幽默引发热议。王楚钦的“插队”调侃：王楚钦在站位时开玩笑称“插队没事儿吧？不会揍我吧？”，展现轻松氛围。,#国乒美国大满贯合影#以下是关于“国乒美国大满贯合影”的核心信息整理，综合赛事背景、合影细节及趣味花絮：🏓 一、合影基本信息时间与背景合影拍摄于 2025年7月14日，即WTT美国大满贯赛事结束后。国乒本次赛事收获 男单、女双、混双三项冠军（王楚钦男单夺冠、王艺迪/蒯曼女双夺冠、林诗栋/蒯曼混双夺冠）。全员包括运动员、教练组及后勤人员参与，队员手持五星红旗庆祝。现场花絮肖战教练踮脚抢镜：站在王曼昱身后时因身高不足努力踮脚，反复尝试后不得不调整站位，画面幽默引发热议。王楚钦的“插队”调侃：王楚钦在站位时开玩笑称“插队没事儿吧？不会揍我吧？”，展现轻松氛围。,0,0,0,https://m.weibo.cn/detail/5188342725741760,90ae686645870e20,False
5188364498373885,win_20250714_us_smash_harimoto,王楚钦,win,WTT美国大满贯2025男单决赛,WTT Grand Smash,final,张本智和,2025-07-14T10:30:00+08:00,2025-07-15T10:30:00+08:00,2025-07-14 17:39:14+08:00,7.154,王楚钦 张本智和 2025年7月14日,post,#王楚钦4比0张本智和#北京时间2025年7月14日，在WTT美国大满贯赛男单决赛中，中国选手王楚钦以4比0战胜日本选手张本智和，夺得个人职业生涯的第三个大满贯赛事单打冠军。比赛过程第一局：王楚钦迅速进入状态，开局4比3后连得7分，以11比3轻松拿下第一局。第二局：王楚钦继续保持领先，8比6后再次连得4分，以11比6再下一城。第三局：张本智和开局取得6比1的领先，但王楚钦在9比10落后的情况下连得3分，以12比10完成逆转。第四局：双方一路战至5比5平，王楚钦利用张本智和的失误连得3分再次占优，最终以11比8赢下第四局，大比分4比0横扫张本智和。这场比赛不仅展现了王楚钦的强劲实力，也体现了他在关键时刻的稳定发挥和强大的心理素质才。,#王楚钦4比0张本智和#北京时间2025年7月14日，在WTT美国大满贯赛男单决赛中，中国选手王楚钦以4比0战胜日本选手张本智和，夺得个人职业生涯的第三个大满贯赛事单打冠军。比赛过程第一局：王楚钦迅速进入状态，开局4比3后连得7分，以11比3轻松拿下第一局。第二局：王楚钦继续保持领先，8比6后再次连得4分，以11比6再下一城。第三局：张本智和开局取得6比1的领先，但王楚钦在9比10落后的情况下连得3分，以12比10完成逆转。第四局：双方一路战至5比5平，王楚钦利用张本智和的失误连得3分再次占优，最终以11比8赢下第四局，大比分4比0横扫张本智和。这场比赛不仅展现了王楚钦的强劲实力，也体现了他在关键时刻的稳定发挥和强大的心理素质才。,6,4,1,https://m.weibo.cn/detail/5188364498373885,29693f8a57d7e1a5,False
5188406699101225,win_20250714_us_smash_harimoto,王楚钦,win,WTT美国大满贯2025男单决赛,WTT Grand Smash,final,张本智和,2025-07-14T10:30:00+08:00,2025-07-15T10:30:00+08:00,2025-07-14 20:26:56+08:00,9.949,王楚钦 张本智和 2025年7月14日,post,#赵立坚恭喜王楚钦#🏓 赵立坚祝贺王楚钦夺冠事件全解析🎉 核心事件：官方祝贺与赛事亮点赵立坚的公开祝贺时间与内容：2025年7月14日，前外交部发言人赵立坚在其个人微博发文：“恭喜王楚钦再登巅峰，为国争光，实至名归！”，直接关联话题#赵立坚恭喜王楚钦#。该微博迅速被中国蓝新闻等多家媒体转发扩散。身份背景：赵立坚虽已卸任外交部发言人，但作为认证大V（现职为广东省肇庆市贸促会会长），其言行仍具公众影响力。近期他还曾推介王一博《万物可爱》、于适《月光》等正能量作品，形成“文体联动”的传播模式。王楚钦夺冠关键赛况决赛表现：在WTT美国大满贯男单决赛中，王楚钦以4-0（11-3、11-6、12-10、11-8）横扫日本选手张本智和，第三局在10-12的胶着比分中逆转取胜，彻底击溃对手信心。 赵立坚恭喜王楚钦,#赵立坚恭喜王楚钦#🏓 赵立坚祝贺王楚钦夺冠事件全解析🎉 核心事件：官方祝贺与赛事亮点赵立坚的公开祝贺时间与内容：2025年7月14日，前外交部发言人赵立坚在其个人微博发文：“恭喜王楚钦再登巅峰，为国争光，实至名归！”，直接关联话题#赵立坚恭喜王楚钦#。该微博迅速被中国蓝新闻等多家媒体转发扩散。身份背景：赵立坚虽已卸任外交部发言人，但作为认证大V（现职为广东省肇庆市贸促会会长），其言行仍具公众影响力。近期他还曾推介王一博《万物可爱》、于适《月光》等正能量作品，形成“文体联动”的传播模式。王楚钦夺冠关键赛况决赛表现：在WTT美国大满贯男单决赛中，王楚钦以4-0（11-3、11-6、12-10、11-8）横扫日本选手张本智和，第三局在10-12的胶着比分中逆转取胜，彻底击溃对手信心。 赵立坚恭喜王楚钦,2,0,0,https://m.weibo.cn/detail/5188406699101225,c0657e8b21cd9223,False
5188444749827849,win_20250714_us_smash_harimoto,王楚钦,win,WTT美国大满贯2025男单决赛,WTT Grand Smash,final,张本智和,2025-07-14T10:30:00+08:00,2025-07-15T10:30:00+08:00,2025-07-14 22:58:08+08:00,12.469,王楚钦 美国大满贯夺冠 2025年7月14日,post,#赵立坚恭喜王楚钦#2025年7月14日WTT美国大满贯男单决赛中王楚钦夺冠。7月14日，前外交部发言人赵立坚通过个人微博发布祝贺：“恭喜王楚钦再登巅峰，为国争光，实至名归！。 赵立坚恭喜王楚钦 ,#赵立坚恭喜王楚钦#2025年7月14日WTT美国大满贯男单决赛中王楚钦夺冠。7月14日，前外交部发言人赵立坚通过个人微博发布祝贺：“恭喜王楚钦再登巅峰，为国争光，实至名归！。 赵立坚恭喜王楚钦,3,0,0,https://m.weibo.cn/detail/5188444749827849,fe0c80d6d72396ab,False
5188452553590189,win_20250714_us_smash_harimoto,王楚钦,win,WTT美国大满贯2025男单决赛,WTT Grand Smash,final,张本智和,2025-07-14T10:30:00+08:00,2025-07-15T10:30:00+08:00,2025-07-14 23:29:08+08:00,12.986,王楚钦 张本智和 2025年7月14日,post,叮~承上启下的2025年7月14日咯✨🇨🇳🎊2024.7.14   巴黎奥运会出征一周年🥇🎉✨𝗣𝗔𝗥𝗜𝗦 𝟮𝟬𝟮𝟰→𝗟𝗢𝗦 𝗔𝗡𝗚𝗘𝗟𝗘𝗦 𝟮𝟬𝟮𝟴2028年孙颖莎和王楚钦圆梦洛杉矶✨🇨🇳🇨🇳王楚钦在美国大满贯打败日本选手张本智和夺得冠军🥇扛起国乒男队的大旗✨今天也是我未成年的最后一天咯✌️明天就是一个真真正正的成年人了复读的这一年要更加努力  在孙颖莎和王楚钦散发的光芒下更加坚定地前行 ,叮~承上启下的2025年7月14日咯✨🇨🇳🎊2024.7.14 巴黎奥运会出征一周年🥇🎉✨𝗣𝗔𝗥𝗜𝗦 𝟮𝟬𝟮𝟰→𝗟𝗢𝗦 𝗔𝗡𝗚𝗘𝗟𝗘𝗦 𝟮𝟬𝟮𝟴2028年孙颖莎和王楚钦圆梦洛杉矶✨🇨🇳🇨🇳王楚钦在美国大满贯打败日本选手张本智和夺得冠军🥇扛起国乒男队的大旗✨今天也是我未成年的最后一天咯✌️明天就是一个真真正正的成年人了复读的这一年要更加努力 在孙颖莎和王楚钦散发的光芒下更加坚定地前行,4,0,0,https://m.weibo.cn/detail/5188452553590189,f3c51078743c237f,False
5188615076579351,win_20250714_us_smash_harimoto,王楚钦,win,WTT美国大满贯2025男单决赛,WTT Grand Smash,final,张本智和,2025-07-14T10:30:00+08:00,2025-07-15T10:30:00+08:00,2025-07-15 10:14:57+08:00,23.749,王楚钦 张本智和 2025年7月14日,post,#王楚钦和张本智和的八年#回溯2018年青奥会男单决赛，王楚钦与张本智和首次在国际赛场相逢。截至2025年7月14日WTT美国大满贯赛后，两人已交手14次，王楚钦以12胜2负占据绝对上风，且最近8次对决保持全胜战绩，尽显强劲实力。不拿拿香蕉猫的微博视频 ,#王楚钦和张本智和的八年#回溯2018年青奥会男单决赛，王楚钦与张本智和首次在国际赛场相逢。截至2025年7月14日WTT美国大满贯赛后，两人已交手14次，王楚钦以12胜2负占据绝对上风，且最近8次对决保持全胜战绩，尽显强劲实力。不拿拿香蕉猫的微博视频,0,0,0,https://m.weibo.cn/detail/5188615076579351,c91910465113aa00,False
5218488478073963,win_20251005_china_smash_lebrun,王楚钦,win,WTT中国大满贯2025男单决赛,WTT Grand Smash,final,费利克斯·勒布伦,2025-10-05T20:00:00+08:00,2025-10-06T20:00:00+08:00,2025-10-05 20:41:11+08:00,0.686,王楚钦 勒布伦 2025年10月5日,post,#王楚钦3冠王#2025年10月5日，WTT中国大满贯落下帷幕，中国选手王楚钦表现惊艳，成为微博热搜话题“王楚钦3冠王”的主角。在当日的男单决赛中，世界排名第一的王楚钦以4比0零封法国选手费利克斯·勒布伦，夺得男单冠军。此前，他已与搭档孙颖莎夺得混双冠军，与队友林诗栋夺得男双冠军，从而成就了本届赛事男单、男双、混双“三冠王”的壮举，同时解锁个人第四个大满贯男单冠军。国乒也继2024年之后再度包揽中国大满贯五项冠军。赛后，王楚钦表示没想到能拿到单打冠军，并对自己说：“王楚钦，你挺棒的。”他还提到本次赛事每一天都像马拉松一样，消耗精力和体力，但始终有一种责任感和使命感支撑着自己走到最后。 王楚钦3冠王,#王楚钦3冠王#2025年10月5日，WTT中国大满贯落下帷幕，中国选手王楚钦表现惊艳，成为微博热搜话题“王楚钦3冠王”的主角。在当日的男单决赛中，世界排名第一的王楚钦以4比0零封法国选手费利克斯·勒布伦，夺得男单冠军。此前，他已与搭档孙颖莎夺得混双冠军，与队友林诗栋夺得男双冠军，从而成就了本届赛事男单、男双、混双“三冠王”的壮举，同时解锁个人第四个大满贯男单冠军。国乒也继2024年之后再度包揽中国大满贯五项冠军。赛后，王楚钦表示没想到能拿到单打冠军，并对自己说：“王楚钦，你挺棒的。”他还提到本次赛事每一天都像马拉松一样，消耗精力和体力，但始终有一种责任感和使命感支撑着自己走到最后。 王楚钦3冠王,1,2,1,https://m.weibo.cn/detail/5218488478073963,650fa18ebd59b868,False
5218647748641806,win_20251005_china_smash_lebrun,王楚钦,win,WTT中国大满贯2025男单决赛,WTT Grand Smash,final,费利克斯·勒布伦,2025-10-05T20:00:00+08:00,2025-10-06T20:00:00+08:00,2025-10-06 07:14:04+08:00,11.234,王楚钦 勒布伦 2025年10月5日,post,#王楚钦男单积分破万#2025年10月5日，在WTT中国大满贯男单决赛中，王楚钦以4-0横扫法国选手小勒布伦，夺得冠军。凭借此次夺冠，王楚钦获得2000积分，在替换掉525分的过期积分后，净增1475分，总积分达到10900分，成为新的积分规则下历史上首位积分破万的男运动员。 此前的男单世界排名积分纪录是由樊振东在2023年创造的9700分。王楚钦的这一成就，不仅巩固了他世界第一的地位，也彰显了他在世界乒坛的强大竞争力。,#王楚钦男单积分破万#2025年10月5日，在WTT中国大满贯男单决赛中，王楚钦以4-0横扫法国选手小勒布伦，夺得冠军。凭借此次夺冠，王楚钦获得2000积分，在替换掉525分的过期积分后，净增1475分，总积分达到10900分，成为新的积分规则下历史上首位积分破万的男运动员。 此前的男单世界排名积分纪录是由樊振东在2023年创造的9700分。王楚钦的这一成就，不仅巩固了他世界第一的地位，也彰显了他在世界乒坛的强大竞争力。,0,0,0,https://m.weibo.cn/detail/5218647748641806,e32a548d344b0920,False
5218656936001668,win_20251005_china_smash_lebrun,王楚钦,win,WTT中国大满贯2025男单决赛,WTT Grand Smash,final,费利克斯·勒布伦,2025-10-05T20:00:00+08:00,2025-10-06T20:00:00+08:00,2025-10-06 07:50:33+08:00,11.842,王楚钦 勒布伦 2025年10月5日,post,#国乒在北京开五金铺#“国乒在北京开五金铺”这一说法是一种形象的比喻，用来形容中国乒乓球队在北京举办的比赛中取得了金银铜多项优异的成绩，包揽了多项冠军，就像开了一家五金铺一样，收获满满。具体分析•  背景：2025年10月5日，在北京举办的WTT乒乓球大满贯赛中，中国乒乓球队表现出色，王楚钦在男单决赛中以4-0战胜法国名将菲利克斯·勒布伦，夺得男单冠军。此外，中国队还包揽了其他四个项目的冠军，实现了五冠收官，其中王楚钦成为最大赢家，收获三冠，林诗栋、孙颖莎和王曼昱也分别有出色表现。因此被形象地称为“再开五金铺”。•  意义：这一说法体现了中国乒乓球队在国际赛场上的强大实力和统治地位。通过这样的比喻，也表达了球迷对国乒的热爱和支持，以及对运动员们出色表现的赞扬。•  影响：这种说法在社交媒体上引发了广泛关注和讨论，进一步提升了乒乓球运动的热度和影响力，让更多人关注和喜爱这项运动。需要注意的是，这只是对比赛成绩的一种形象描述，并不是真的指国乒在北京开设了五金铺。 #秒懂热点就用智搜#   国乒在北京开五金铺,#国乒在北京开五金铺#“国乒在北京开五金铺”这一说法是一种形象的比喻，用来形容中国乒乓球队在北京举办的比赛中取得了金银铜多项优异的成绩，包揽了多项冠军，就像开了一家五金铺一样，收获满满。具体分析• 背景：2025年10月5日，在北京举办的WTT乒乓球大满贯赛中，中国乒乓球队表现出色，王楚钦在男单决赛中以4-0战胜法国名将菲利克斯·勒布伦，夺得男单冠军。此外，中国队还包揽了其他四个项目的冠军，实现了五冠收官，其中王楚钦成为最大赢家，收获三冠，林诗栋、孙颖莎和王曼昱也分别有出色表现。因此被形象地称为“再开五金铺”。• 意义：这一说法体现了中国乒乓球队在国际赛场上的强大实力和统治地位。通过这样的比喻，也表达了球迷对国乒的热爱和支持，以及对运动员们出色表现的赞扬。• 影响：这种说法在社交媒体上引发了广泛关注和讨论，进一步提升了乒乓球运动的热度和影响力，让更多人关注和喜爱这项运动。需要注意的是，这只是对比赛成绩的一种形象描述，并不是真的指国乒在北京开设了五金铺。 #秒懂热点就用智搜# 国乒在北京开五金铺,1,0,0,https://m.weibo.cn/detail/5218656936001668,5698d9386efeb1a8,False
5218668143183268,win_20251005_china_smash_lebrun,王楚钦,win,WTT中国大满贯2025男单决赛,WTT Grand Smash,final,费利克斯·勒布伦,2025-10-05T20:00:00+08:00,2025-10-06T20:00:00+08:00,2025-10-06 08:35:06+08:00,12.585,王楚钦 勒布伦 2025年10月5日,post,#王楚钦王曼昱互相道喜#2025年10月5日，WTT中国大满贯男单颁奖礼上，刚以4-0横扫法国选手勒布伦夺得男单冠军的王楚钦（成就本站男单、男双、混双“三冠王”），主动向返场的女单冠军王曼昱道贺：“恭喜恭喜！”，王曼昱含笑回应：“同喜同喜！”并补充“也恭喜你呀！” 体育研究室的微博视频 ,#王楚钦王曼昱互相道喜#2025年10月5日，WTT中国大满贯男单颁奖礼上，刚以4-0横扫法国选手勒布伦夺得男单冠军的王楚钦（成就本站男单、男双、混双“三冠王”），主动向返场的女单冠军王曼昱道贺：“恭喜恭喜！”，王曼昱含笑回应：“同喜同喜！”并补充“也恭喜你呀！” 体育研究室的微博视频,2,0,0,https://m.weibo.cn/detail/5218668143183268,f45d754378aedd81,False
5218670980630420,win_20251005_china_smash_lebrun,王楚钦,win,WTT中国大满贯2025男单决赛,WTT Grand Smash,final,费利克斯·勒布伦,2025-10-05T20:00:00+08:00,2025-10-06T20:00:00+08:00,2025-10-06 08:46:23+08:00,12.773,王楚钦 勒布伦 2025年10月5日,post,#王楚钦坦言# 2025年10月5日，WTT中国大满贯男单决赛中，头号种子王楚钦以4比0横扫7号种子、法国名将费利克斯·勒布伦，夺得男单冠军的同时，也加冕本届赛事的“三冠王”[__LINK_ICON]。 本次比赛，小勒布伦淘汰了陈垣宇、陈俊菘等国乒新秀，半决赛又以4比2战胜2号种子林诗栋，气势正盛[__LINK_ICON]。而王楚钦则是在连拿混双、男双两冠后，又在半决赛中苦战七局，艰难逆转队友向鹏，跻身决赛[__LINK_ICON]。 决赛中，王楚钦开场便气势如虹，很快取得6比1领先，尽管小勒布伦奋力追赶，但王楚钦仍以11比7取得“开门红”[__LINK_ICON]。第二局王楚钦更是打出完美比分，以11比2扩大领先优势[__LINK_ICON]。第三局，王楚钦2比0领先逼迫对手请求暂停，比赛重新开始后，他仍处于上风，以11比5再下一城[__LINK_ICON]。第四局伊始，双方比分交替上升，王楚钦在6比7落后时连得5分，以11比7锁定胜局[__LINK_ICON]。 此前，王楚钦已搭档孙颖莎夺得混双冠军，携手林诗栋拿到男双金牌，加上此次男单夺冠，他成为本届WTT中国大满贯赛事中唯一一位包揽混双、男双、男单三项冠军的选手。#一分钟视频创作季##不负每一次热爱##金秋观赛季##十一动起来# 岁月静在不言中2的微博视频,#王楚钦坦言# 2025年10月5日，WTT中国大满贯男单决赛中，头号种子王楚钦以4比0横扫7号种子、法国名将费利克斯·勒布伦，夺得男单冠军的同时，也加冕本届赛事的“三冠王”[__LINK_ICON]。 本次比赛，小勒布伦淘汰了陈垣宇、陈俊菘等国乒新秀，半决赛又以4比2战胜2号种子林诗栋，气势正盛[__LINK_ICON]。而王楚钦则是在连拿混双、男双两冠后，又在半决赛中苦战七局，艰难逆转队友向鹏，跻身决赛[__LINK_ICON]。 决赛中，王楚钦开场便气势如虹，很快取得6比1领先，尽管小勒布伦奋力追赶，但王楚钦仍以11比7取得“开门红”[__LINK_ICON]。第二局王楚钦更是打出完美比分，以11比2扩大领先优势[__LINK_ICON]。第三局，王楚钦2比0领先逼迫对手请求暂停，比赛重新开始后，他仍处于上风，以11比5再下一城[__LINK_ICON]。第四局伊始，双方比分交替上升，王楚钦在6比7落后时连得5分，以11比7锁定胜局[__LINK_ICON]。 此前，王楚钦已搭档孙颖莎夺得混双冠军，携手林诗栋拿到男双金牌，加上此次男单夺冠，他成为本届WTT中国大满贯赛事中唯一一位包揽混双、男双、男单三项冠军的选手。#一分钟视频创作季##不负每一次热爱##金秋观赛季##十一动起来# 岁月静在不言中2的微博视频,1,0,0,https://m.weibo.cn/detail/5218670980630420,ca422bc92bd2a4ac,False
5218677639349871,win_20251005_china_smash_lebrun,王楚钦,win,WTT中国大满贯2025男单决赛,WTT Grand Smash,final,费利克斯·勒布伦,2025-10-05T20:00:00+08:00,2025-10-06T20:00:00+08:00,2025-10-06 09:12:50+08:00,13.214,王楚钦 勒布伦 2025年10月5日,post,北京时间2025年10月5日，WTT世巡赛结束男子单打决赛，王楚钦获得冠军🏆。王楚钦决赛对手是🇫🇷小勒布伦，双方实力差距较大，王楚钦通过反手拧拉、侧身爆冲直接压制对手，减少试探环节，全程强硬进攻，尤其在第二局打出11:2悬殊比分，最终以4:0战胜对手，加冕本站赛事“三冠王”中国乒乓球队,北京时间2025年10月5日，WTT世巡赛结束男子单打决赛，王楚钦获得冠军🏆。王楚钦决赛对手是🇫🇷小勒布伦，双方实力差距较大，王楚钦通过反手拧拉、侧身爆冲直接压制对手，减少试探环节，全程强硬进攻，尤其在第二局打出11:2悬殊比分，最终以4:0战胜对手，加冕本站赛事“三冠王”中国乒乓球队,3,0,0,https://m.weibo.cn/detail/5218677639349871,0571a3492226944b,False
5218772782679027,win_20251005_china_smash_lebrun,王楚钦,win,WTT中国大满贯2025男单决赛,WTT Grand Smash,final,费利克斯·勒布伦,2025-10-05T20:00:00+08:00,2025-10-06T20:00:00+08:00,2025-10-06 15:30:54+08:00,19.515,王楚钦 勒布伦 2025年10月5日,post,#王楚钦决赛爆发出巨大能量#2025年10月5日，WTT中国大满贯男单决赛中，世界排名第一的王楚钦展现出强大实力，以4-0的比分横扫法国选手小勒布伦，夺得冠军。比赛中，王楚钦战术执行坚决，发球抢攻效果显著，发球轮得分率近80%。首局他通过精准落点控制和凌厉攻势，以11-7先声夺人。第二局更是打出5-0的完美开局，最终以11-2的悬殊比分拿下。后两局小勒布伦虽试图反抗，但王楚钦始终保持冷静，凭借出色的技术和心理素质，以11-5和11-7再赢两局，最终零封对手。值得一提的是，王楚钦在本次赛事中身兼三项，5天内累计出战12场比赛，在体能面临巨大挑战的情况下，依然凭借顽强的意志和出色的发挥，成功斩获混双、男双、男单三项冠军，成为中国大满贯史上前所未有的“三冠王”。,#王楚钦决赛爆发出巨大能量#2025年10月5日，WTT中国大满贯男单决赛中，世界排名第一的王楚钦展现出强大实力，以4-0的比分横扫法国选手小勒布伦，夺得冠军。比赛中，王楚钦战术执行坚决，发球抢攻效果显著，发球轮得分率近80%。首局他通过精准落点控制和凌厉攻势，以11-7先声夺人。第二局更是打出5-0的完美开局，最终以11-2的悬殊比分拿下。后两局小勒布伦虽试图反抗，但王楚钦始终保持冷静，凭借出色的技术和心理素质，以11-5和11-7再赢两局，最终零封对手。值得一提的是，王楚钦在本次赛事中身兼三项，5天内累计出战12场比赛，在体能面临巨大挑战的情况下，依然凭借顽强的意志和出色的发挥，成功斩获混双、男双、男单三项冠军，成为中国大满贯史上前所未有的“三冠王”。,21,8,2,https://m.weibo.cn/detail/5218772782679027,34ea903d124e7d87,False
